"","rank15","name","citizenship","age15","networth15","source15","year","rank14","age14","networth14","source14","rank13","age13","networth13","source13","rank12","age12","networth12","source12","rank11","age11","networth11","source11","rank10","age10","networth10","residence10","rank09","age09","networth09","residence09","rank08","age08","networth08","residence08","rank07","age07","networth07","residence07","rank06","age06","networth06","residence06","rank05","age05","networth05","residence05","rank04","age04","networth04","residence04","rank03","age03","networth03","v6","rank02","networth02","rank01","networth01","rank00","networth00","rank99","networth99","rank98","networth98","source98","rank97","networth97","rank96","networth96","case"
"1",60,"Vladimir Potanin","Russia",54,15.3999996185303,"Metals",2015,86,53,12.6000003814697,"metals",58,52,14.3000001907349,"metals",46,51,14.5,"metals",34,50,17.7999992370605,"nonferrous metals",61,49,10.3000001907349,"Russia",318,"48",2.09999990463257,"Russia",25,"47",19.2999992370605,"Russia",38,"46",13.5,"Russia",89,45,6.40000009536743,"Russia",117,44,4.40000009536743,"Russia , Moscow",85,43,4.90000009536743,"Russia , Moscow",NA,NA,NA,NA,NA,NA,NA,NA,NA,NA,NA,NA,NA,NA,"",NA,NA,NA,NA,4164
"2",68,"Mikhail Fridman","Russia",50,14.6000003814697,"Oil, Banking, Telecom",2015,47,49,17.6000003814697,"oil, banking, telecom",41,48,16.5,"oil, banking, telecom",57,47,13.3999996185303,"oil, banking, telecom",43,46,15.1000003814697,"oil, banking, telecom",42,45,12.6999998092651,"Russia",71,"44",6.30000019073486,"Russia",20,"43",20.7999992370605,"Russia",45,"42",12.6000003814697,"Russia",50,41,9.69999980926514,"Russia",60,40,7,"Russia , Moscow",73,39,5.59999990463257,"Russia , Moscow",NA,NA,NA,NA,NA,NA,NA,NA,NA,NA,NA,NA,NA,NA,"",NA,NA,NA,NA,2813
"3",71,"Alisher Usmanov","Russia",61,14.3999996185303,"Steel & Mining, Telecom, Investments",2015,40,60,18.6000003814697,"steel, telecom, investments",34,59,17.6000003814697,"steel, telecom, investments",28,58,18.1000003814697,"steel, telecom, investments",35,57,17.7000007629395,"steel, telecom, stocks",100,56,7.19999980926514,"Russia",450,"55",1.60000002384186,"Russia",91,"54",9.30000019073486,"Russia",142,"53",5.5,"Russia",278,52,2.59999990463257,"Russia",366,51,1.79999995231628,"Russia",NA,NA,NA,"",NA,NA,NA,NA,NA,NA,NA,NA,NA,NA,NA,NA,NA,NA,"",NA,NA,NA,NA,182
"4",73,"Viktor Vekselberg","Russia",57,14.1999998092651,"Metals, Energy",2015,51,56,17.2000007629395,"metals, energy",52,55,15.1000003814697,"oil, metals",64,54,12.3999996185303,"oil, metals",57,53,13,"oil, metals",113,52,6.40000009536743,"Russia",397,"51",1.79999995231628,"Russia",67,"50",11.1999998092651,"Russia",61,"49",10.3999996185303,"Russia",44,48,10,"Russia",94,47,5,"Russia , Moscow",143,46,3.29999995231628,"Russia , Moscow",147,45,2.5,NA,NA,NA,NA,NA,NA,NA,NA,NA,NA,NA,"",NA,NA,NA,NA,4131
"5",89,"Alexey Mordashov","Russia",49,13,"Steel, Investments",2015,111,48,10.5,"steel, investments",73,47,12.8000001907349,"steel, investments",NA,NA,NA,"",NA,NA,NA,"",NA,NA,NA,"",NA,"",NA,"",NA,"",NA,"",NA,"",NA,"",NA,NA,NA,"",NA,NA,NA,"",NA,NA,NA,"",NA,NA,NA,NA,NA,NA,NA,NA,NA,NA,NA,NA,NA,NA,"",NA,NA,NA,NA,159
"6",96,"Vagit Alekperov","Russia",64,12.1999998092651,"Lukoil",2015,76,63,13.6000003814697,"Lukoil",55,62,14.8000001907349,"Lukoil",56,61,13.5,"Lukoil",50,60,13.8999996185303,"Lukoil",58,59,10.6000003814697,"Russia",57,"58",7.80000019073486,"Russia",56,"57",13,"Russia",48,"56",12.3999996185303,"Russia",37,55,11,"Russia",122,54,4.30000019073486,"Russia , Moscow",186,53,2.70000004768372,"Russia , Moscow",NA,NA,NA,NA,NA,NA,NA,NA,NA,NA,NA,NA,NA,NA,"",NA,NA,NA,NA,4100
"7",105,"Leonid Mikhelson","Russia",59,11.6999998092651,"Gas, Chemicals",2015,57,58,15.6000003814697,"gas, chemicals",47,57,15.3999996185303,"gas, chemicals",72,56,11.8999996185303,"gas, chemicals",99,55,9.10000038146973,"Natural gas",189,54,4.40000009536743,"Russia",285,"53",2.40000009536743,"Russia",214,"52",4.69999980926514,"Russia",194,"51",4.30000019073486,"Russia",292,50,2.5,"Russia",NA,NA,NA,"",NA,NA,NA,"",NA,NA,NA,NA,NA,NA,NA,NA,NA,NA,NA,NA,NA,NA,"",NA,NA,NA,NA,2375
"8",107,"Vladimir Lisin","Russia",58,11.6000003814697,"Steel, Transport",2015,53,57,16.6000003814697,"steel, transport",62,56,14.1000003814697,"steel, transport",41,55,15.8999996185303,"steel, transport",14,54,24,"Steel",32,53,15.8000001907349,"Russia",93,"52",5.19999980926514,"Russia",21,"51",20.2999992370605,"Russia",36,"50",14.3000001907349,"Russia",41,49,10.6999998092651,"Russia",60,48,7,"Russia , Moscow",124,47,3.79999995231628,"Russia , Moscow",NA,NA,NA,NA,NA,NA,NA,NA,NA,NA,NA,NA,NA,NA,"",NA,NA,NA,NA,4159
"9",118,"Gennady Timchenko","Russia",62,10.6999998092651,"Oil & Gas",2015,61,61,15.3000001907349,"oil & gas",62,60,14.1000003814697,"oil & gas",99,59,9.10000038146973,"oil & gas",185,58,5.5,"oil trading",536,57,1.89999997615814,"Switzerland",NA,"",NA,"",462,"55",2.5,"Switzerland",NA,"",NA,"",NA,NA,NA,"",NA,NA,NA,"",NA,NA,NA,"",NA,NA,NA,NA,NA,NA,NA,NA,NA,NA,NA,NA,NA,NA,"",NA,NA,NA,NA,1286
"10",125,"Mikhail Prokhorov","Russia",49,9.89999961853027,"Investments",2015,109,48,10.8999996185303,"investments",69,47,13,"investments",58,46,13.1999998092651,"investments",32,45,18,"Investments",39,44,13.3999996185303,"Russia",40,"43",9.5,"Russia",24,"42",19.5,"Russia",38,"41",13.5,"Russia",89,40,6.40000009536743,"Russia",117,39,4.40000009536743,"Russia , Moscow",90,38,4.80000019073486,"Russia , Moscow",256,37,1.60000002384186,NA,NA,NA,NA,NA,NA,NA,NA,NA,NA,NA,"",NA,NA,NA,NA,2818
"11",133,"German Khan","Russia",53,9.5,"Banking, Telecom, Retail",2015,100,52,11.3000001907349,"oil, banking, telecom",103,51,10.5,"oil, banking, telecom",105,50,8.5,"oil, banking, telecom",92,49,9.60000038146973,"oil, banking, telecom",83,48,8.19999980926514,"Russia",132,"47",4,"Russia",54,"46",13.8999996185303,"Russia",86,"45",8,"Russia",94,44,6.09999990463257,"Russia",306,43,2.09999990463257,"Russia , Moscow",406,42,1.39999997615814,"Russia , Moscow",NA,NA,NA,NA,NA,NA,NA,NA,NA,NA,NA,NA,NA,NA,"",NA,NA,NA,NA,1318
"12",137,"Andrey Melnichenko","Russia",42,9.10000038146973,"Coal, Fertilizers",2015,97,41,11.3999996185303,"coal, fertilizers",56,41,14.3999996185303,"coal, fertilizers",81,40,10.8000001907349,"coal, fertilizers",105,39,8.60000038146973,"coal, fertilizers",189,38,4.40000009536743,"Russia",701,"37",1,"Russia",158,"36",6.19999980926514,"Russia",172,"35",4.59999990463257,"Russia",258,34,2.70000004768372,"Russia",NA,NA,NA,"",NA,NA,NA,"",NA,NA,NA,NA,NA,NA,NA,NA,NA,NA,NA,NA,NA,NA,"",NA,NA,NA,NA,259
"13",137,"Roman Abramovich","Russia",48,9.10000038146973,"Steel, Investments",2015,137,47,9.10000038146973,"steel, investments",107,46,10.1999998092651,"steel, investments",68,45,12.1000003814697,"steel, investments",53,44,13.3999996185303,"steel, investments",50,43,11.1999998092651,"Russia",51,"42",8.5,"Russia",15,"41",23.5,"Russia",16,"40",18.7000007629395,"United Kingdom",11,39,18.2000007629395,"United Kingdom",21,38,13.3000001907349,"United Kingdom , London",25,37,10.6000003814697,"Russia , Anadyr",NA,NA,NA,NA,NA,NA,NA,NA,NA,NA,NA,NA,NA,NA,"",NA,NA,NA,NA,3462
"14",156,"Dmitry Rybolovlev","Russia",48,8.5,"Fertilizer",2015,147,47,8.80000019073486,"fertilizer",119,46,9.10000038146973,"fertilizer",100,45,9,"fertilizer",93,44,9.5,"fertilizer",79,43,8.60000038146973,"Russia",196,"42",3.09999990463257,"Russia",59,"41",12.8000001907349,"Russia",271,"40",3.29999995231628,"Russia",486,39,1.60000002384186,"Russia",NA,NA,NA,"",NA,NA,NA,"",NA,NA,NA,NA,NA,NA,NA,NA,NA,NA,NA,NA,NA,NA,"",NA,NA,NA,NA,930
"15",162,"Sergei Galitsky","Russia",47,8.30000019073486,"Retail",2015,117,46,10.3000001907349,"retail",138,45,8.19999980926514,"retail",216,44,4.90000009536743,"retail",185,43,5.5,"Retail",342,42,2.90000009536743,"Russia",NA,"",NA,"",652,"40",1.89999997615814,"Russia",583,"39",1.70000004768372,"Russia",NA,NA,NA,"",NA,NA,NA,"",NA,NA,NA,"",NA,NA,NA,NA,NA,NA,NA,NA,NA,NA,NA,NA,NA,NA,"",NA,NA,NA,NA,3672
"16",184,"Alexei Kuzmichev","Russia",52,7.30000019073486,"Banking, Telecom, Retail",2015,147,51,8.80000019073486,"oil, banking, telecom",138,50,8.19999980926514,"oil, banking, telecom",141,49,6.69999980926514,"oil, banking, telecom",124,48,7.5,"oil, banking, telecom",109,47,6.5,"Russia",196,"46",3.09999990463257,"Russia",72,"45",10.8000001907349,"Russia",NA,"",NA,"",NA,NA,NA,"",NA,NA,NA,"",NA,NA,NA,"",NA,NA,NA,NA,NA,NA,NA,NA,NA,NA,NA,NA,NA,NA,"",NA,NA,NA,NA,162
"17",230,"Oleg Deripaska","Russia",47,6.19999980926514,"Aluminum, Utilities",2015,208,46,6.5,"aluminum, utilities",131,45,8.5,"aluminum, utilities",104,44,8.80000019073486,"aluminum, utilities",36,43,16.7999992370605,"aluminum",57,42,10.6999998092651,"Russia",164,"41",3.5,"Russia",9,"40",28,"Russia",40,"39",13.3000001907349,"Russia",62,37,7.80000019073486,"Russia",84,36,5.5,"Russia , Moscow",143,35,3.29999995231628,"Russia , Moscow",NA,NA,NA,NA,NA,NA,NA,NA,NA,NA,NA,NA,NA,NA,"",NA,NA,NA,NA,3033
"18",259,"Andrei Skoch","Russia",49,5.69999980926514,"Steel",2015,162,48,8.19999980926514,"steel",150,47,7.90000009536743,"steel",255,46,4.19999980926514,"steel",281,45,3.90000009536743,"metals",721,44,1.39999997615814,"Russia",NA,"",NA,"",334,"42",3.29999995231628,"Russia",583,"41",1.70000004768372,"Russia",NA,NA,NA,"",NA,NA,NA,"",NA,NA,NA,"",NA,NA,NA,NA,NA,NA,NA,NA,NA,NA,NA,NA,NA,NA,"",NA,NA,NA,NA,251
"19",283,"Leonid Fedun","Russia",58,5.30000019073486,"Lukoil",2015,208,57,6.5,"Lukoil",162,56,7.09999990463257,"Lukoil",146,55,6.5,"Lukoil",133,54,7.09999990463257,"Lukoil",136,53,5.5,"Russia",122,"52",4.30000019073486,"Russia",149,"51",6.40000009536743,"Russia",152,"50",5.30000019073486,"Russia",168,49,4,"Russia",321,48,2,"Russia , Moscow",437,47,1.29999995231628,"Russia , Moscow",NA,NA,NA,NA,NA,NA,NA,NA,NA,NA,NA,NA,NA,NA,"",NA,NA,NA,NA,2374
"20",301,"Pyotr Aven","Russia",59,5.09999990463257,"Banking, Telecom",2015,227,58,6.09999990463257,"oil, banking, telecom",225,57,5.40000009536743,"oil, banking, telecom",248,57,4.30000019073486,"oil, banking, telecom",235,55,4.5,"oil, banking, telecom",249,55,3.59999990463257,"Russia",334,"54",2,"Russia",178,"53",5.5,"Russia",243,"52",3.59999990463257,"Russia",224,51,3,"Russia",NA,NA,NA,"",NA,NA,NA,"",NA,NA,NA,NA,NA,NA,NA,NA,NA,NA,NA,NA,NA,NA,"",NA,NA,NA,NA,3221
"21",352,"Sergei Popov","Russia",43,4.59999990463257,"Banking",2015,263,42,5.40000009536743,"banking",210,41,5.80000019073486,"banking",178,40,5.69999980926514,"banking, coal",117,39,7.90000009536743,"banking, coal",154,38,5,"Russia",285,"37",2.40000009536743,"Russia",149,"36",6.40000009536743,"Russia",172,"35",4.59999990463257,"Russia",258,34,2.70000004768372,"Russia",548,33,1.20000004768372,"Russia , Moscow",552,32,1,"Russia , Moscow",NA,NA,NA,NA,NA,NA,NA,NA,NA,NA,NA,NA,NA,NA,"",NA,NA,NA,NA,3678
"22",360,"Alexander Abramov","Russia",56,4.5,"Steel, Mining",2015,396,55,3.79999995231628,"steel, mining",272,54,4.59999990463257,"steel, mining",189,53,5.40000009536743,"steel, mining",124,52,7.5,"steel, mining",121,51,6.09999990463257,"Russia",119,"50",4.40000009536743,"Russia",65,"49",11.5,"Russia",137,"48",5.59999990463257,"Russia",125,47,4.90000009536743,"Russia",272,46,2.29999995231628,"Russia , Moscow",552,45,1,"Russia , Moscow",NA,NA,NA,NA,NA,NA,NA,NA,NA,NA,NA,NA,NA,NA,"",NA,NA,NA,NA,131
"23",369,"Filaret Galchev","Russia",51,4.40000009536743,"Construction Materials",2015,234,50,6,"construction materials",175,49,6.69999980926514,"construction materials",242,48,4.40000009536743,"construction materials",310,47,3.5,"construction materials",400,46,2.40000009536743,"Russia",NA,"",NA,"",358,"45",3.09999990463257,"Russia",390,"44",2.40000009536743,"Russia",NA,NA,NA,"",NA,NA,NA,"",NA,NA,NA,"",NA,NA,NA,NA,NA,NA,NA,NA,NA,NA,NA,NA,NA,NA,"",NA,NA,NA,NA,1147
"24",381,"God Nisanov","Russia",42,4.30000019073486,"Real Estate",2015,430,41,3.59999990463257,"real estate",458,40,3,"real estate",521,39,2.40000009536743,"real estate",1057,38,1.10000002384186,"real estate",NA,NA,NA,"",NA,"",NA,"",NA,"",NA,"",NA,"",NA,"",NA,NA,NA,"",NA,NA,NA,"",NA,NA,NA,"",NA,NA,NA,NA,NA,NA,NA,NA,NA,NA,NA,NA,NA,NA,"",NA,NA,NA,NA,1342
"25",381,"Zarakh Iliev","Russia",48,4.30000019073486,"Real Estate",2015,430,47,3.59999990463257,"real estate",458,46,3,"real estate",521,45,2.40000009536743,"real estate",1057,44,1.10000002384186,"real estate",NA,NA,NA,"",NA,"",NA,"",NA,"",NA,"",NA,"",NA,"",NA,NA,NA,"",NA,NA,NA,"",NA,NA,NA,"",NA,NA,NA,NA,NA,NA,NA,NA,NA,NA,NA,NA,NA,NA,"",NA,NA,NA,NA,4453
"26",418,"Samvel Karapetyan","Russia",49,4,"Development",2015,345,48,4.30000019073486,"development",353,47,3.79999995231628,"development",804,46,1.60000002384186,"development",879,45,1.39999997615814,"development",NA,NA,NA,"",NA,"",NA,"",NA,"",NA,"",NA,"",NA,"",NA,NA,NA,"",NA,NA,NA,"",NA,NA,NA,"",NA,NA,NA,NA,NA,NA,NA,NA,NA,NA,NA,NA,NA,NA,"",NA,NA,NA,NA,3599
"27",452,"Dmitry Kamenshchik","Russia",46,3.79999995231628,"Airport",2015,1210,45,1.39999997615814,"airport",1342,44,1,"airport",1153,43,1,"airport",1057,42,1.10000002384186,"airport",NA,NA,NA,"",NA,"",NA,"",NA,"",NA,"",NA,"",NA,"",NA,NA,NA,"",NA,NA,NA,"",NA,NA,NA,"",NA,NA,NA,NA,NA,NA,NA,NA,NA,NA,NA,NA,NA,NA,"",NA,NA,NA,NA,926
"28",497,"Viktor Rashnikov","Russia",66,3.5,"Steel",2015,609,65,2.79999995231628,"steel",308,64,4.19999980926514,"steel",183,63,5.59999990463257,"steel",70,62,11.1999998092651,"Steel",71,61,9.80000019073486,"Russia",261,"60",2.5,"Russia",73,"59",10.3999996185303,"Russia",104,"58",7,"Russia",185,57,3.59999990463257,"Russia",NA,NA,NA,"",NA,NA,NA,"",NA,NA,NA,NA,NA,NA,NA,NA,NA,NA,NA,NA,NA,NA,"",NA,NA,NA,NA,4130
"29",497,"Iskander Makhmudov","Russia",51,3.5,"Mining, Metals, Machinery",2015,227,50,6.09999990463257,"mining, metals, machinery",123,49,8.69999980926514,"mining, metals, machinery",110,48,8.19999980926514,"mining, metals, machinery",88,47,9.89999961853027,"mining, metals, machinery",80,46,8.5,"Russia",183,"45",3.29999995231628,"Russia",63,"44",11.8999996185303,"Russia",86,"43",8,"Russia",136,43,4.5,"Russia",413,42,1.60000002384186,"Russia",NA,NA,NA,"",NA,NA,NA,NA,NA,NA,NA,NA,NA,NA,NA,NA,NA,NA,"",NA,NA,NA,NA,1687
"30",497,"Andrei Guriev","Russia",54,3.5,"Fertilizers",2015,466,53,3.40000009536743,"fertilizers",329,52,4,"fertilizers",314,52,3.5,"fertilizers",512,50,2.29999995231628,"fertilizers",536,50,1.89999997615814,"Russia",NA,"",NA,"",NA,"",NA,"",NA,"",NA,"",NA,NA,NA,"",NA,NA,NA,"",NA,NA,NA,"",NA,NA,NA,NA,NA,NA,NA,NA,NA,NA,NA,NA,NA,NA,"",NA,NA,NA,NA,241
"31",512,"Suleiman Kerimov","Russia",48,3.40000009536743,"Investments",2015,196,47,6.90000009536743,"investments",162,46,7.09999990463257,"investments",146,46,6.5,"investments",118,44,7.80000019073486,"Investments",136,44,5.5,"Russia",196,"43",3.09999990463257,"Russia",36,"42",17.5,"Russia",35,"41",14.3999996185303,"Russia",72,40,7.09999990463257,"Russia",NA,NA,NA,"",NA,NA,NA,"",NA,NA,NA,NA,NA,NA,NA,NA,NA,NA,NA,NA,NA,NA,"",NA,NA,NA,NA,3877
"32",557,"Yuri Milner","Russia",53,3.20000004768372,"Facebook",2015,988,52,1.79999995231628,"Facebook",1268,51,1.10000002384186,"social networking",1153,50,1,"social networking",1140,49,1,"social networking",NA,NA,NA,"",NA,"",NA,"",NA,"",NA,"",NA,"",NA,"",NA,NA,NA,"",NA,NA,NA,"",NA,NA,NA,"",NA,NA,NA,NA,NA,NA,NA,NA,NA,NA,NA,NA,NA,NA,"",NA,NA,NA,NA,4442
"33",577,"Alexander Svetakov","Russia",47,3.09999990463257,"Banking, Real Estate",2015,520,46,3.09999990463257,"banking, real estate",503,45,2.79999995231628,"banking, real estate",764,44,1.70000004768372,"banking, real estate",NA,NA,NA,"",NA,NA,NA,"",NA,"",NA,"",785,"40",1.5,"Russia",NA,"",NA,"",NA,NA,NA,"",NA,NA,NA,"",NA,NA,NA,"",NA,NA,NA,NA,NA,NA,NA,NA,NA,NA,NA,NA,NA,NA,"",NA,NA,NA,NA,151
"34",603,"Igor Kesaev","Russia",48,3,"Tobacco Distribution, Retail",2015,408,47,3.70000004768372,"tobacco distribution, retail",736,46,2,"tobacco distribution, retail",719,45,1.79999995231628,"tobacco distribution, retail",692,44,1.79999995231628,"tobacco distribution, retail",828,43,1.20000004768372,"Russia",NA,"",NA,"",962,"41",1.20000004768372,"Russia",NA,"",NA,"",NA,NA,NA,"",NA,NA,NA,"",NA,NA,NA,"",NA,NA,NA,NA,NA,NA,NA,NA,NA,NA,NA,NA,NA,NA,"",NA,NA,NA,NA,1654
"35",663,"Vladimir Yevtushenkov","Russia",66,2.79999995231628,"Telecom",2015,141,65,9,"telecom",175,64,6.69999980926514,"telecom",166,63,6,"telecom",120,62,7.69999980926514,"telecom",93,61,7.5,"Russia",601,"60",1.20000004768372,"Russia",77,"59",10,"Russia",71,"58",9.10000038146973,"Russia",93,57,6.30000019073486,"Russia",258,56,2.40000009536743,"Russia , Moscow",377,55,1.5,"Russia , Moscow",NA,NA,NA,NA,NA,NA,NA,NA,NA,NA,NA,NA,NA,NA,"",NA,NA,NA,NA,4166
"36",737,"Alexander Mamut","Russia",55,2.5,"Investments",2015,764,54,2.29999995231628,"investments",641,53,2.29999995231628,"investments",601,52,2.09999990463257,"investments",512,51,2.29999995231628,"Investments",655,49,1.5,"Russia",NA,"",NA,"",962,"47",1.20000004768372,"Russia",NA,"",NA,"",NA,NA,NA,"",NA,NA,NA,"",NA,NA,NA,"",NA,NA,NA,NA,NA,NA,NA,NA,NA,NA,NA,NA,NA,NA,"",NA,NA,NA,NA,140
"37",737,"Alexander Nesis","Russia",52,2.5,"Metals, Banking, Fertilizers",2015,551,51,3,"metals, banking, fertilizers",412,50,3.29999995231628,"metals, banking, fertilizers",367,49,3.09999990463257,"metals, banking, fertilizers",459,48,2.5,"metals, banking, fertilizers",721,47,1.39999997615814,"n/a",NA,"",NA,"",NA,"",NA,"",NA,"",NA,"",NA,NA,NA,"",NA,NA,NA,"",NA,NA,NA,"",NA,NA,NA,NA,NA,NA,NA,NA,NA,NA,NA,NA,NA,NA,"",NA,NA,NA,NA,142
"38",782,"Mikhail Gutseriev","Russia",56,2.40000009536743,"Oil, Real Estate",2015,483,55,3.29999995231628,"oil, real estate",458,55,3,"oil, real estate",141,54,6.69999980926514,"oil, real estate",459,53,2.5,"Oil, real estate",437,52,2.20000004768372,"United Kingdom",376,"51",1.89999997615814,"United Kingdom",446,"50",2.59999990463257,"United Kingdom",NA,"",NA,"",NA,NA,NA,"",NA,NA,NA,"",NA,NA,NA,"",NA,NA,NA,NA,NA,NA,NA,NA,NA,NA,NA,NA,NA,NA,"",NA,NA,NA,NA,2815
"39",782,"Alexander Ponomarenko","Russia",50,2.40000009536743,"Port",2015,764,49,2.29999995231628,"port",704,48,2.09999990463257,"port",764,47,1.70000004768372,"port",736,46,1.70000004768372,"port",880,45,1.10000002384186,"Russia",NA,"",NA,"",843,"43",1.39999997615814,"Russia",NA,"",NA,"",NA,NA,NA,"",NA,NA,NA,"",NA,NA,NA,"",NA,NA,NA,NA,NA,NA,NA,NA,NA,NA,NA,NA,NA,NA,"",NA,NA,NA,NA,143
"40",782,"Alexander Skorobogatko","Russia",47,2.40000009536743,"Port",2015,764,46,2.29999995231628,"port",704,45,2.09999990463257,"port",764,44,1.70000004768372,"port",736,43,1.70000004768372,"port",880,42,1.10000002384186,"Russia",NA,"",NA,"",843,"40",1.39999997615814,"Russia",NA,"",NA,"",NA,NA,NA,"",NA,NA,NA,"",NA,NA,NA,"",NA,NA,NA,NA,NA,NA,NA,NA,NA,NA,NA,NA,NA,NA,"",NA,NA,NA,NA,149
"41",810,"Vyacheslav Kantor","Russia",61,2.29999995231628,"Fertilizer, Real Estate",2015,869,60,2,"fertilizer, real estate",613,59,2.40000009536743,"fertilizer, real estate",546,58,2.29999995231628,"fertilizer, real estate",782,57,1.60000002384186,"fertilizer, real estate",773,56,1.29999995231628,"Switzerland",NA,"",NA,"",446,"54",2.59999990463257,"Switzerland",717,"53",1.39999997615814,"Switzerland",NA,NA,NA,"",NA,NA,NA,"",NA,NA,NA,"",NA,NA,NA,NA,NA,NA,NA,NA,NA,NA,NA,NA,NA,NA,"",NA,NA,NA,NA,4170
"42",894,"Igor Makarov","Russia",52,2.09999990463257,"Gas",2015,828,51,2.09999990463257,"gas",792,50,1.89999997615814,"gas",854,49,1.5,"gas",NA,NA,NA,"",NA,NA,NA,"",NA,"",NA,"",NA,"",NA,"",NA,"",NA,"",NA,NA,NA,"",NA,NA,NA,"",NA,NA,NA,"",NA,NA,NA,NA,NA,NA,NA,NA,NA,NA,NA,NA,NA,NA,"",NA,NA,NA,NA,1656
"43",949,"Vasily Anisimov","Russia",63,2,"Metals, Real Estate",2015,663,62,2.59999990463257,"metals, real estate",490,61,2.90000009536743,"metals, real estate",330,60,3.40000009536743,"metals, real estate",304,59,3.59999990463257,"metals, real estate",616,58,1.60000002384186,"Russia",NA,"",NA,"",260,"56",4,"Russia",NA,"",NA,"",NA,NA,NA,"",NA,NA,NA,"",NA,NA,NA,"",NA,NA,NA,NA,NA,NA,NA,NA,NA,NA,NA,NA,NA,NA,"",NA,NA,NA,NA,4109
"44",949,"Andrei Kozitsyn","Russia",54,2,"Metals",2015,931,53,1.89999997615814,"metals",1175,52,1.20000004768372,"metals",1015,51,1.20000004768372,"metals",833,50,1.5,"metals",828,49,1.20000004768372,"Russia",NA,"",NA,"",743,"47",1.60000002384186,"Russia",664,"46",1.5,"Russia",NA,NA,NA,"",NA,NA,NA,"",NA,NA,NA,"",NA,NA,NA,NA,NA,NA,NA,NA,NA,NA,NA,NA,NA,NA,"",NA,NA,NA,NA,245
"45",949,"Vladimir Bogdanov","Russia",63,2,"Oil",2015,663,62,2.59999990463257,"oil",423,61,3.20000004768372,"oil",401,60,2.90000009536743,"oil",336,59,3.29999995231628,"oil",400,58,2.40000009536743,"Russia",376,"57",1.89999997615814,"Russia",446,"56",2.59999990463257,"Russia",237,"55",3.70000004768372,"Russia",158,54,4.09999990463257,"Russia",272,53,2.29999995231628,"Russia , Surgut",342,52,1.70000004768372,"Russia , Surgut",427,51,1,NA,NA,NA,NA,NA,NA,NA,NA,NA,NA,NA,"",NA,NA,NA,NA,4152
"46",1006,"Vadim Moshkovich","Russia",47,1.89999997615814,"Agriculture, Land",2015,1284,46,1.29999995231628,"agriculture, development",704,45,2.09999990463257,"agriculture, development",719,44,1.79999995231628,"agriculture, development",782,43,1.60000002384186,"agriculture, development",NA,NA,NA,"",NA,"",NA,"",1062,"40",1,"Russia",NA,"",NA,"",NA,NA,NA,"",NA,NA,NA,"",NA,NA,NA,"",NA,NA,NA,NA,NA,NA,NA,NA,NA,NA,NA,NA,NA,NA,"",NA,NA,NA,NA,4097
"47",1006,"Aras Agalarov","Russia",59,1.89999997615814,"Real Estate",2015,988,58,1.79999995231628,"real estate",831,57,1.79999995231628,"real estate",804,56,1.60000002384186,"retail, real estate",833,55,1.5,"retail, real estate",880,54,1.10000002384186,"Russia",NA,"",NA,"",962,"52",1.20000004768372,"Russia",NA,"",NA,"",NA,NA,NA,"",NA,NA,NA,"",NA,NA,NA,"",NA,NA,NA,NA,NA,NA,NA,NA,NA,NA,NA,NA,NA,NA,"",NA,NA,NA,NA,307
"48",1054,"Alexander Frolov","Russia",50,1.79999995231628,"Mining, Steel",2015,1154,49,1.5,"mining, steel",736,48,2,"mining, steel",521,47,2.40000009536743,"mining, steel",336,46,3.29999995231628,"mining, steel",354,45,2.79999995231628,"Russia",397,"44",1.79999995231628,"Russia",178,"43",5.5,"Russia",390,"42",2.40000009536743,"Russia",335,41,2.29999995231628,"Russia",NA,NA,NA,"",NA,NA,NA,"",NA,NA,NA,NA,NA,NA,NA,NA,NA,NA,NA,NA,NA,NA,"",NA,NA,NA,NA,133
"49",1105,"Yuri Shefler","Russia",47,1.79999995231628,"Alcohol",2015,NA,NA,NA,"",NA,NA,NA,"",NA,NA,NA,"",NA,NA,NA,"",NA,NA,NA,"",NA,"",NA,"",NA,"",NA,"",NA,"",NA,"",NA,NA,NA,"",NA,NA,NA,"",NA,NA,NA,"",NA,NA,NA,NA,NA,NA,NA,NA,NA,NA,NA,NA,NA,NA,"",NA,NA,NA,NA,4443
"50",1118,"Mikhail Balakin","Russia",53,1.70000004768372,"Construction",2015,931,52,1.89999997615814,"construction",831,51,1.79999995231628,"construction",683,50,1.89999997615814,"construction",512,49,2.29999995231628,"construction",616,48,1.60000002384186,"Russia",NA,"",NA,"",260,"46",4,"Russia",NA,"",NA,"",NA,NA,NA,"",NA,NA,NA,"",NA,NA,NA,"",NA,NA,NA,NA,NA,NA,NA,NA,NA,NA,NA,NA,NA,NA,"",NA,NA,NA,NA,2810
"51",1118,"Nikolai Buinov","Russia",47,1.70000004768372,"Oil & Gas",2015,NA,NA,NA,"",NA,NA,NA,"",NA,NA,NA,"",NA,NA,NA,"",NA,NA,NA,"",NA,"",NA,"",NA,"",NA,"",NA,"",NA,"",NA,NA,NA,"",NA,NA,NA,"",NA,NA,NA,"",NA,NA,NA,NA,NA,NA,NA,NA,NA,NA,NA,NA,NA,NA,"",NA,NA,NA,NA,2985
"52",1190,"Boris Mints","Russia",56,1.60000002384186,"Real Estate",2015,1565,55,1,"real estate",NA,NA,NA,"",NA,NA,NA,"",NA,NA,NA,"",NA,NA,NA,"",NA,"",NA,"",NA,"",NA,"",NA,"",NA,"",NA,NA,NA,"",NA,NA,NA,"",NA,NA,NA,"",NA,NA,NA,NA,NA,NA,NA,NA,NA,NA,NA,NA,NA,NA,"",NA,NA,NA,NA,507
"53",1190,"Gavril Yushvaev","Russia",57,1.60000002384186,"Precious Metals, Real Estate",2015,1046,56,1.70000004768372,"precious metals, real estate",1175,55,1.20000004768372,"food industry, real estate",1015,54,1.20000004768372,"food industry, real estate",993,53,1.20000004768372,"food industry, real estate",NA,NA,NA,"",NA,"",NA,"",1014,"50",1.10000002384186,"Russia",NA,"",NA,"",NA,NA,NA,"",NA,NA,NA,"",NA,NA,NA,"",NA,NA,NA,NA,NA,NA,NA,NA,NA,NA,NA,NA,NA,NA,"",NA,NA,NA,NA,1278
"54",1190,"Igor Altushkin","Russia",44,1.60000002384186,"Metals",2015,1046,43,1.70000004768372,"metals",1175,42,1.20000004768372,"metals",804,41,1.60000002384186,"metals",1057,40,1.10000002384186,"metals",880,39,1.10000002384186,"Russia",NA,"",NA,"",652,"37",1.89999997615814,"Russia",NA,"",NA,"",NA,NA,NA,"",NA,NA,NA,"",NA,NA,NA,"",NA,NA,NA,NA,NA,NA,NA,NA,NA,NA,NA,NA,NA,NA,"",NA,NA,NA,NA,1653
"55",1190,"Danil Khachaturov","Russia",43,1.60000002384186,"Insurance, Banking, Real Estate",2015,663,42,2.59999990463257,"insurance, banking, real estate",613,41,2.40000009536743,"insurance, banking, real estate",634,40,2,"Insurance, banking, real estate",833,39,1.5,"Insurance, banking, real estate",828,38,1.20000004768372,"Russia",NA,"",NA,"",605,"36",2,"Russia",NA,"",NA,"",NA,NA,NA,"",NA,NA,NA,"",NA,NA,NA,"",NA,NA,NA,NA,NA,NA,NA,NA,NA,NA,NA,NA,NA,NA,"",NA,NA,NA,NA,804
"56",1250,"Alexander Dzhaparidze","Russia",59,1.5,"Oil Services",2015,828,58,2.09999990463257,"oil services",641,57,2.29999995231628,"oil services",719,56,1.79999995231628,"oil services",564,55,2.09999990463257,"Oil Services",880,54,1.10000002384186,"Russia",NA,"",NA,"",707,"52",1.70000004768372,"Russia",NA,"",NA,"",NA,NA,NA,"",NA,NA,NA,"",NA,NA,NA,"",NA,NA,NA,NA,NA,NA,NA,NA,NA,NA,NA,NA,NA,NA,"",NA,NA,NA,NA,132
"57",1324,"Arkady Rotenberg","Russia",63,1.39999997615814,"Construction, Pipes, Banking",2015,375,62,4,"construction, pipes, banking",412,61,3.29999995231628,"construction, pipes, banking",1153,60,1,"construction, pipes, banking",1057,59,1.10000002384186,"construction, pipes, finance",NA,NA,NA,"",NA,"",NA,"",NA,"",NA,"",NA,"",NA,"",NA,NA,NA,"",NA,NA,NA,"",NA,NA,NA,"",NA,NA,NA,NA,NA,NA,NA,NA,NA,NA,NA,NA,NA,NA,"",NA,NA,NA,NA,318
"58",1324,"Anatoly Lomakin","Russia",62,1.39999997615814,"Fertilizers",2015,1210,61,1.39999997615814,"fertilizers",1175,60,1.20000004768372,"fertilizers",1015,59,1.20000004768372,"fertilizers",993,58,1.20000004768372,"fertilizers",773,57,1.29999995231628,"Russia",NA,"",NA,"",NA,"",NA,"",NA,"",NA,"",NA,NA,NA,"",NA,NA,NA,"",NA,NA,NA,"",NA,NA,NA,NA,NA,NA,NA,NA,NA,NA,NA,NA,NA,NA,"",NA,NA,NA,NA,221
"59",1324,"Pyotr Kondrashev","Russia",65,1.39999997615814,"Fertilizers",2015,1210,64,1.39999997615814,"fertilizers",1175,63,1.20000004768372,"fertilizers",1015,62,1.20000004768372,"fertilizers",993,61,1.20000004768372,"fertilizers",773,60,1.29999995231628,"Russia",NA,"",NA,"",677,"58",1.79999995231628,"Russia",NA,"",NA,"",NA,NA,NA,"",NA,NA,NA,"",NA,NA,NA,"",NA,NA,NA,NA,NA,NA,NA,NA,NA,NA,NA,NA,NA,NA,"",NA,NA,NA,NA,3222
"60",1324,"Farkhad Akhmedov","Russia",59,1.39999997615814,"Natural Gas",2015,1210,58,1.39999997615814,"natural gas",1031,57,1.39999997615814,"natural gas",NA,NA,NA,"",NA,NA,NA,"",NA,NA,NA,"",NA,"",NA,"",843,"52",1.39999997615814,"Russia",664,"51",1.5,"Russia",NA,NA,NA,"",NA,NA,NA,"",NA,NA,NA,"",NA,NA,NA,NA,NA,NA,NA,NA,NA,NA,NA,NA,NA,NA,"",NA,NA,NA,NA,1124
"61",1415,"Dmitry Mazepin","Russia",46,1.29999995231628,"Chemicals",2015,1210,45,1.39999997615814,"chemicals",423,44,3.20000004768372,"chemicals",764,43,1.70000004768372,"chemicals",833,42,1.5,"chemicals",NA,NA,NA,"",NA,"",NA,"",NA,"",NA,"",NA,"",NA,"",NA,NA,NA,"",NA,NA,NA,"",NA,NA,NA,"",NA,NA,NA,NA,NA,NA,NA,NA,NA,NA,NA,NA,NA,NA,"",NA,NA,NA,NA,928
"62",1415,"Andrei Kosogov","Russia",53,1.29999995231628,"Oil, Telecom, Banking",2015,1046,52,1.70000004768372,"oil, telecom, banking",974,51,1.5,"oil, telecom, banking",1015,51,1.20000004768372,"oil, telecom, banking",993,49,1.20000004768372,"oil, telecom, banking",937,49,1,"Russia",NA,"",NA,"",707,"47",1.70000004768372,"Russia",840,"46",1.10000002384186,"Russia",NA,NA,NA,"",NA,NA,NA,"",NA,NA,NA,"",NA,NA,NA,NA,NA,NA,NA,NA,NA,NA,NA,NA,NA,NA,"",NA,NA,NA,NA,244
"63",1415,"Oleg Boyko","Russia",50,1.29999995231628,"Entertaiment, Retail, Real Estate",2015,1270,49,1.35000002384186,"entertaiment, retail, real estate",1031,48,1.39999997615814,"entertaiment, retail, real estate",1075,47,1.10000002384186,"entertaiment, retail, real estate",1140,46,1,"entertaiment, retail, real estate",NA,NA,NA,"",NA,"",NA,"",785,"43",1.5,"Russia",664,"42",1.5,"Russia",NA,NA,NA,"",NA,NA,NA,"",NA,NA,NA,"",NA,NA,NA,NA,NA,NA,NA,NA,NA,NA,NA,NA,NA,NA,"",NA,NA,NA,NA,3032
"64",1500,"Nikolai Tsvetkov","Russia",54,1.29999995231628,"Banking",2015,988,53,1.79999995231628,"banking",554,52,2.59999990463257,"banking",377,51,3,"banking",193,50,5.30000019073486,"banking, retail",297,49,3.20000004768372,"Russia",397,"48",1.79999995231628,"Russia",113,"47",8,"Russia",83,"46",8.39999961853027,"Russia",109,45,5.19999980926514,"Russia",306,44,2.09999990463257,"Russia , Moscow",437,43,1.29999995231628,"Russia , Moscow",NA,NA,NA,NA,NA,NA,NA,NA,NA,NA,NA,NA,NA,NA,"",NA,NA,NA,NA,2988
"65",1500,"Alexei Ananyev","Russia",50,1.29999995231628,"Banking, It, Real Estate",2015,869,49,2,"banking, IT, real estate",882,48,1.70000004768372,"banking, IT, real estate",719,47,1.79999995231628,"banking, IT, real estate",651,46,1.89999997615814,"banking, IT, real estate",616,45,1.60000002384186,"Russia",NA,"",NA,"",524,"43",2.29999995231628,"Russia",583,"42",1.70000004768372,"Russia",NA,NA,NA,"",NA,NA,NA,"",NA,NA,NA,"",NA,NA,NA,NA,NA,NA,NA,NA,NA,NA,NA,NA,NA,NA,"",NA,NA,NA,NA,160
"66",1500,"Dmitry Ananyev","Russia",46,1.29999995231628,"Banking, It, Real Estate",2015,869,45,2,"banking, IT, real estate",882,44,1.70000004768372,"banking, IT, real estate",719,43,1.79999995231628,"banking, IT, real estate",651,42,1.89999997615814,"banking, IT, real estate",616,41,1.60000002384186,"Russia",NA,"",NA,"",524,"39",2.29999995231628,"Russia",583,"38",1.70000004768372,"Russia",NA,NA,NA,"",NA,NA,NA,"",NA,NA,NA,"",NA,NA,NA,NA,NA,NA,NA,NA,NA,NA,NA,NA,NA,NA,"",NA,NA,NA,NA,925
"67",1533,"Vladimir Gruzdev","Russia",48,1.20000004768372,"Investments",2015,1284,47,1.29999995231628,"investments",1342,46,1,"investments",1153,45,1,"investments",NA,NA,NA,"",NA,NA,NA,"",NA,"",NA,"",NA,"",NA,"",NA,"",NA,"",NA,NA,NA,"",NA,NA,NA,"",NA,NA,NA,"",NA,NA,NA,NA,NA,NA,NA,NA,NA,NA,NA,NA,NA,NA,"",NA,NA,NA,NA,4155
"68",1533,"Lev Kvetnoi","Russia",49,1.20000004768372,"Cement, Airport",2015,931,48,1.89999997615814,"cement, airport",458,47,3,"cement, airport",719,46,1.79999995231628,"cement, airport",692,45,1.79999995231628,"cement, airport",773,44,1.29999995231628,"Russia",701,"43",1,"Russia",785,"42",1.5,"Russia",717,"41",1.39999997615814,"Russia",NA,NA,NA,"",NA,NA,NA,"",NA,NA,NA,"",NA,NA,NA,NA,NA,NA,NA,NA,NA,NA,NA,NA,NA,NA,"",NA,NA,NA,NA,2389
"69",1533,"Sergei Katsiev","Russia",57,1.20000004768372,"Retail, Wholesale",2015,1203,56,1.45000004768372,"retail, wholesale",NA,NA,NA,"",NA,NA,NA,"",NA,NA,NA,"",NA,NA,NA,"",NA,"",NA,"",NA,"",NA,"",NA,"",NA,"",NA,NA,NA,"",NA,NA,NA,"",NA,NA,NA,"",NA,NA,NA,NA,NA,NA,NA,NA,NA,NA,NA,NA,NA,NA,"",NA,NA,NA,NA,3674
"70",1533,"Gleb Fetisov","Russia",48,1.20000004768372,"Telecom, Finance",2015,1210,47,1.39999997615814,"telecom, finance",792,46,1.89999997615814,"telecom, finance",960,45,1.29999995231628,"telecom, finance",782,44,1.60000002384186,"telecom, finance",616,43,1.60000002384186,"Russia",NA,"",NA,"",277,"41",3.90000009536743,"Russia",664,"40",1.5,"Russia",NA,NA,NA,"",NA,NA,NA,"",NA,NA,NA,"",NA,NA,NA,NA,NA,NA,NA,NA,NA,NA,NA,NA,NA,NA,"",NA,NA,NA,NA,1339
"71",1533,"Valentin Gapontsev","Russia",76,1.20000004768372,"Lasers",2015,NA,NA,NA,"",1107,74,1.29999995231628,"lasers",1075,73,1.10000002384186,"Lasers",NA,NA,NA,"",NA,NA,NA,"",NA,"",NA,"",NA,"",NA,"",NA,"",NA,"",NA,NA,NA,"",NA,NA,NA,"",NA,NA,NA,"",NA,NA,NA,NA,NA,NA,NA,NA,NA,NA,NA,NA,NA,NA,"",NA,NA,NA,NA,4103
"72",1605,"Airat Shaimiev","Russia",52,1.20000004768372,"Refinery, Chemicals",2015,1465,51,1.10000002384186,"refinery, chemicals",1268,51,1.10000002384186,"refinery, chemicals",NA,NA,NA,"",NA,NA,NA,"",NA,NA,NA,"",NA,"",NA,"",NA,"",NA,"",NA,"",NA,"",NA,NA,NA,"",NA,NA,NA,"",NA,NA,NA,"",NA,NA,NA,NA,NA,NA,NA,NA,NA,NA,NA,NA,NA,NA,"",NA,NA,NA,NA,58
"73",1638,"Yuri Gushchin","Russia",70,1.10000002384186,"Candy, Real Estate",2015,1092,69,1.60000002384186,"candy, real estate",1175,68,1.20000004768372,"candy, real estate",NA,NA,NA,"",NA,NA,NA,"",NA,NA,NA,"",NA,"",NA,"",NA,"",NA,"",NA,"",NA,"",NA,NA,NA,"",NA,NA,NA,"",NA,NA,NA,"",NA,NA,NA,NA,NA,NA,NA,NA,NA,NA,NA,NA,NA,NA,"",NA,NA,NA,NA,4440
"74",1638,"Andrei Rappoport","Russia",51,1.10000002384186,"Investments",2015,1465,50,1.10000002384186,"investments",NA,NA,NA,"",NA,NA,NA,"",NA,NA,NA,"",NA,NA,NA,"",NA,"",NA,"",NA,"",NA,"",NA,"",NA,"",NA,NA,NA,"",NA,NA,NA,"",NA,NA,NA,"",NA,NA,NA,NA,NA,NA,NA,NA,NA,NA,NA,NA,NA,NA,"",NA,NA,NA,NA,249
"75",1638,"Rustem Sulteev","Russia",61,1.10000002384186,"Refinery, Chemicals",2015,1465,60,1.10000002384186,"refinery, chemicals",1250,59,1.14999997615814,"refinery, chemicals",NA,NA,NA,"",NA,NA,NA,"",NA,NA,NA,"",NA,"",NA,"",NA,"",NA,"",NA,"",NA,"",NA,NA,NA,"",NA,NA,NA,"",NA,NA,NA,"",NA,NA,NA,NA,NA,NA,NA,NA,NA,NA,NA,NA,NA,NA,"",NA,NA,NA,NA,3518
"76",1638,"Roustam Tariko","Russia",52,1.10000002384186,"Banking",2015,869,51,2,"banking",868,50,1.75,"banking",854,50,1.5,"banking",651,48,1.89999997615814,"banking",721,48,1.39999997615814,"Russia",647,"47",1.10000002384186,"Russia",307,"46",3.5,"Russia",150,"45",5.40000009536743,"Russia",410,44,1.89999997615814,"Russia",NA,NA,NA,"",NA,NA,NA,"",NA,NA,NA,NA,NA,NA,NA,NA,NA,NA,NA,NA,NA,NA,"",NA,NA,NA,NA,3498
"77",1638,"Alexei Bogachev","Russia",44,1.10000002384186,"Retail, Banking",2015,1442,43,1.14999997615814,"retail, banking",NA,NA,NA,"",NA,NA,NA,"",NA,NA,NA,"",NA,NA,NA,"",NA,"",NA,"",NA,"",NA,"",NA,"",NA,"",NA,NA,NA,"",NA,NA,NA,"",NA,NA,NA,"",NA,NA,NA,NA,NA,NA,NA,NA,NA,NA,NA,NA,NA,NA,"",NA,NA,NA,NA,161
"78",1638,"Roman Avdeev","Russia",47,1.10000002384186,"Banking, Development",2015,1210,46,1.39999997615814,"banking, development",1031,45,1.39999997615814,"banking, development",960,44,1.29999995231628,"banking, development",NA,NA,NA,"",NA,NA,NA,"",NA,"",NA,"",NA,"",NA,"",NA,"",NA,"",NA,NA,NA,"",NA,NA,NA,"",NA,NA,NA,"",NA,NA,NA,NA,NA,NA,NA,NA,NA,NA,NA,NA,NA,NA,"",NA,NA,NA,NA,3463
"79",1638,"Ziyad Manasir","Russia",49,1.10000002384186,"Construction",2015,609,48,2.79999995231628,"construction",589,47,2.5,"construction",601,46,2.09999990463257,"construction",564,45,2.09999990463257,"construction",NA,NA,NA,"",NA,"",NA,"",NA,"",NA,"",NA,"",NA,"",NA,NA,NA,"",NA,NA,NA,"",NA,NA,NA,"",NA,NA,NA,NA,NA,NA,NA,NA,NA,NA,NA,NA,NA,NA,"",NA,NA,NA,NA,4494
"80",1638,"Konstantin Grigorishin","Russia",49,1.10000002384186,"Power Engineering",2015,1356,48,1.25,"power engineering",1175,47,1.20000004768372,"power engineering",960,46,1.29999995231628,"Power engineering",NA,NA,NA,"",NA,NA,NA,"",NA,"",NA,"",NA,"",NA,"",NA,"",NA,"",NA,NA,NA,"",NA,NA,NA,"",NA,NA,NA,"",NA,NA,NA,NA,NA,NA,NA,NA,NA,NA,NA,NA,NA,NA,"",NA,NA,NA,NA,2191
"81",1638,"Radik Shaimiev","Russia",50,1.10000002384186,"Refinery, Chemical",2015,1465,49,1.10000002384186,"refinery, chemical",1268,48,1.10000002384186,"refinery, chemical",NA,NA,NA,"",NA,NA,NA,"",NA,NA,NA,"",NA,"",NA,"",NA,"",NA,"",NA,"",NA,"",NA,NA,NA,"",NA,NA,NA,"",NA,NA,NA,"",NA,NA,NA,NA,NA,NA,NA,NA,NA,NA,NA,NA,NA,NA,"",NA,NA,NA,NA,3247
"82",1638,"Nikolai Maximov","Russia",57,1.10000002384186,"Investments",2015,1372,56,1.20000004768372,"investments",1175,55,1.20000004768372,"investments",1015,54,1.20000004768372,"investments",993,53,1.20000004768372,"Investments",NA,NA,NA,"",NA,"",NA,"",NA,"",NA,"",NA,"",NA,"",NA,NA,NA,"",NA,NA,NA,"",NA,NA,NA,"",NA,NA,NA,NA,NA,NA,NA,NA,NA,NA,NA,NA,NA,NA,"",NA,NA,NA,NA,2986
"83",1638,"Alexander Lutsenko","Russia",52,1.10000002384186,"Agribusiness",2015,NA,NA,NA,"",1268,50,1.10000002384186,"agrobusiness",NA,NA,NA,"",NA,NA,NA,"",NA,NA,NA,"",NA,"",NA,"",NA,"",NA,"",NA,"",NA,"",NA,NA,NA,"",NA,NA,NA,"",NA,NA,NA,"",NA,NA,NA,NA,NA,NA,NA,NA,NA,NA,NA,NA,NA,NA,"",NA,NA,NA,NA,138
"84",1712,"Albert Shigaboutdinov","Russia",60,1.10000002384186,"Refinery, Chemicals",2015,1465,59,1.10000002384186,"refinery, chemicals",1250,58,1.14999997615814,"refinery, chemicals",NA,NA,NA,"",NA,NA,NA,"",NA,NA,NA,"",NA,"",NA,"",NA,"",NA,"",NA,"",NA,"",NA,NA,NA,"",NA,NA,NA,"",NA,NA,NA,"",NA,NA,NA,NA,NA,NA,NA,NA,NA,NA,NA,NA,NA,NA,"",NA,NA,NA,NA,106
"85",1741,"Leonid Simanovsky","Russia",65,1,"Investments",2015,1372,64,1.20000004768372,"investments",1250,63,1.14999997615814,"investments",1015,62,1.20000004768372,"investments",NA,NA,NA,"",NA,NA,NA,"",NA,"",NA,"",NA,"",NA,"",NA,"",NA,"",NA,NA,NA,"",NA,NA,NA,"",NA,NA,NA,"",NA,NA,NA,NA,NA,NA,NA,NA,NA,NA,NA,NA,NA,NA,"",NA,NA,NA,NA,2377
"86",1741,"Elena Baturina","Russia",51,1,"Construction",2015,1565,50,1,"construction",1268,50,1.10000002384186,"construction",1075,49,1.10000002384186,"construction",993,48,1.20000004768372,"construction",342,47,2.90000009536743,"Russia",NA,"",NA,"",253,"45",4.19999980926514,"Russia",279,"44",3.09999990463257,"Russia",335,43,2.29999995231628,"Russia",507,42,1.29999995231628,"Russia , Moscow",NA,NA,NA,"",NA,NA,NA,NA,NA,NA,NA,NA,NA,NA,NA,NA,NA,NA,"",NA,NA,NA,NA,1045
"87",1741,"Eugene Kaspersky","Russia",49,1,"Software",2015,NA,NA,NA,"",NA,NA,NA,"",NA,NA,NA,"",NA,NA,NA,"",NA,NA,NA,"",NA,"",NA,"",NA,"",NA,"",NA,"",NA,"",NA,NA,NA,"",NA,NA,NA,"",NA,NA,NA,"",NA,NA,NA,NA,NA,NA,NA,NA,NA,NA,NA,NA,NA,NA,"",NA,NA,NA,NA,1107
"88",1741,"Zelimkhan Mutsoev","Russia",55,1,"Fertilizers, Real Estate",2015,1284,54,1.29999995231628,"fertilizers, real estate",974,53,1.5,"fertilizers, real estate",854,52,1.5,"fertilizers, real estate",NA,NA,NA,"",NA,NA,NA,"",NA,"",NA,"",NA,"",NA,"",NA,"",NA,"",NA,NA,NA,"",NA,NA,NA,"",NA,NA,NA,"",NA,NA,NA,NA,NA,NA,NA,NA,NA,NA,NA,NA,NA,NA,"",NA,NA,NA,NA,4456
"89",NA,"Andrei Klyamko","Russia",NA,NA,"",2014,931,52,1.89999997615814,"steel",792,51,1.89999997615814,"steel",683,50,1.89999997615814,"steel",420,49,2.70000004768372,"Steel",NA,NA,NA,"",NA,"",NA,"",NA,"",NA,"",NA,"",NA,"",NA,NA,NA,"",NA,NA,NA,"",NA,NA,NA,"",NA,NA,NA,NA,NA,NA,NA,NA,NA,NA,NA,NA,NA,NA,"",NA,NA,NA,NA,242
"90",NA,"Oleg V Deripaska","Russia",NA,NA,"",2003,NA,NA,NA,"",NA,NA,NA,"",NA,NA,NA,"",NA,NA,NA,"",NA,NA,NA,"",NA,"",NA,"",NA,"",NA,"",NA,"",NA,"",NA,NA,NA,"",NA,NA,NA,"",NA,NA,NA,"",278,34,1.5,NA,NA,NA,NA,NA,NA,NA,NA,NA,NA,NA,"",NA,NA,NA,NA,3035
"91",NA,"Roman A Abramovich","Russia",NA,NA,"",2003,NA,NA,NA,"",NA,NA,NA,"",NA,NA,NA,"",NA,NA,NA,"",NA,NA,NA,"",NA,"",NA,"",NA,"",NA,"",NA,"",NA,"",NA,NA,NA,"",NA,NA,NA,"",NA,NA,NA,"",49,36,5.69999980926514,NA,NA,NA,NA,NA,NA,NA,NA,NA,NA,NA,"",NA,NA,NA,NA,3461
"92",NA,"Sergei Sarkisov","Russia",NA,NA,"",2014,1465,54,1.10000002384186,"insurance & real estate",1088,53,1.35000002384186,"insurance & real estate",1015,52,1.20000004768372,"insurance & real estate",833,51,1.5,"insurance & real estate",NA,NA,NA,"",NA,"",NA,"",785,"48",1.5,"Russia",NA,"",NA,"",NA,NA,NA,"",NA,NA,NA,"",NA,NA,NA,"",NA,NA,NA,NA,NA,NA,NA,NA,NA,NA,NA,NA,NA,NA,"",NA,NA,NA,NA,3680
"93",NA,"Chernomyrdin, Viktor","Russia",NA,NA,"",2001,NA,NA,NA,"",NA,NA,NA,"",NA,NA,NA,"",NA,NA,NA,"",NA,NA,NA,"",NA,"",NA,"",NA,"",NA,"",NA,"",NA,"",NA,NA,NA,"",NA,NA,NA,"",NA,NA,NA,"",NA,NA,NA,NA,NA,NA,452,1.10000002384186,NA,NA,NA,NA,NA,NA,"",NA,NA,NA,NA,699
"94",NA,"Maxim Blazhko","Russia",NA,NA,"",2008,NA,NA,NA,"",NA,NA,NA,"",NA,NA,NA,"",NA,NA,NA,"",NA,NA,NA,"",NA,"",NA,"",843,"39",1.39999997615814,"Russia",NA,"",NA,"",NA,NA,NA,"",NA,NA,NA,"",NA,NA,NA,"",NA,NA,NA,NA,NA,NA,NA,NA,NA,NA,NA,NA,NA,NA,"",NA,NA,NA,NA,2699
"95",NA,"Khodorkovsky, Mikhail","Russia",NA,NA,"",2002,NA,NA,NA,"",NA,NA,NA,"",NA,NA,NA,"",NA,NA,NA,"",NA,NA,NA,"",NA,"",NA,"",NA,"",NA,"",NA,"",NA,"",NA,NA,NA,"",NA,NA,NA,"",NA,NA,NA,"",NA,NA,NA,NA,101,3.70000004768372,194,2.40000009536743,NA,NA,NA,NA,NA,NA,"",141,2.40000009536743,NA,NA,2126
"96",NA,"Andrei Filatov","Russia",NA,NA,"",2014,1372,42,1.20000004768372,"ports, railway transport",1088,41,1.35000002384186,"ports, railway transport",960,40,1.29999995231628,"ports, railway transport",1057,39,1.10000002384186,"ports, railway transport",NA,NA,NA,"",NA,"",NA,"",NA,"",NA,"",NA,"",NA,"",NA,NA,NA,"",NA,NA,NA,"",NA,NA,NA,"",NA,NA,NA,NA,NA,NA,NA,NA,NA,NA,NA,NA,NA,NA,"",NA,NA,NA,NA,240
"97",NA,"Vadim Yakunin","Russia",NA,NA,"",2011,NA,NA,NA,"",NA,NA,NA,"",NA,NA,NA,"",1140,48,1,"pharmacy",NA,NA,NA,"",NA,"",NA,"",NA,"",NA,"",NA,"",NA,"",NA,NA,NA,"",NA,NA,NA,"",NA,NA,NA,"",NA,NA,NA,NA,NA,NA,NA,NA,NA,NA,NA,NA,NA,NA,"",NA,NA,NA,NA,4099
"98",NA,"Konstantin Nikolaev","Russia",NA,NA,"",2014,1372,42,1.20000004768372,"ports, railway transport",1088,42,1.35000002384186,"ports, railway transport",960,41,1.29999995231628,"ports, railway transport",1057,40,1.10000002384186,"ports, railway transport",NA,NA,NA,"",NA,"",NA,"",NA,"",NA,"",NA,"",NA,"",NA,NA,NA,"",NA,NA,NA,"",NA,NA,NA,"",NA,NA,NA,NA,NA,NA,NA,NA,NA,NA,NA,NA,NA,NA,"",NA,NA,NA,NA,2192
"99",NA,"Sergei Petrov","Russia",NA,NA,"",2014,1565,59,1,"auto import and dealerships",NA,NA,NA,"",NA,NA,NA,"",NA,NA,NA,"",NA,NA,NA,"",NA,"",NA,"",707,"53",1.70000004768372,"Russia",NA,"",NA,"",NA,NA,NA,"",NA,NA,NA,"",NA,NA,NA,"",NA,NA,NA,NA,NA,NA,NA,NA,NA,NA,NA,NA,NA,NA,"",NA,NA,NA,NA,3676
"100",NA,"Vasily S Shakhnovsky","Russia",NA,NA,"",2003,NA,NA,NA,"",NA,NA,NA,"",NA,NA,NA,"",NA,NA,NA,"",NA,NA,NA,"",NA,"",NA,"",NA,"",NA,"",NA,"",NA,"",NA,NA,NA,"",NA,NA,NA,"",NA,NA,NA,"",427,45,1,NA,NA,NA,NA,NA,NA,NA,NA,NA,NA,NA,"",NA,NA,NA,NA,4110
"101",NA,"Fridman, Mikhail","Russia",NA,NA,"",2002,NA,NA,NA,"",NA,NA,NA,"",NA,NA,NA,"",NA,NA,NA,"",NA,NA,NA,"",NA,"",NA,"",NA,"",NA,"",NA,"",NA,"",NA,NA,NA,"",NA,NA,NA,"",NA,NA,NA,"",NA,NA,NA,NA,191,2.20000004768372,387,1.29999995231628,NA,NA,NA,NA,NA,NA,"",NA,NA,NA,NA,1214
"102",NA,"David Davidovich","Russia",NA,NA,"",2011,NA,NA,NA,"",NA,NA,NA,"",NA,NA,NA,"",782,48,1.60000002384186,"food, metals",NA,NA,NA,"",NA,"",NA,"",897,"45",1.29999995231628,"Russia",891,"44",1,"Russia",NA,NA,NA,"",NA,NA,NA,"",NA,NA,NA,"",NA,NA,NA,NA,NA,NA,NA,NA,NA,NA,NA,NA,NA,NA,"",NA,NA,NA,NA,825
"103",NA,"Alexei A Mordashov","Russia",NA,NA,"",2003,NA,NA,NA,"",NA,NA,NA,"",NA,NA,NA,"",NA,NA,NA,"",NA,NA,NA,"",NA,"",NA,"",NA,"",NA,"",NA,"",NA,"",NA,NA,NA,"",NA,NA,NA,"",NA,NA,NA,"",348,37,1.20000004768372,NA,NA,NA,NA,NA,NA,NA,NA,NA,NA,NA,"",NA,NA,NA,NA,159
"104",NA,"Sergei Polonsky","Russia",NA,NA,"",2008,NA,NA,NA,"",NA,NA,NA,"",NA,NA,NA,"",NA,NA,NA,"",NA,NA,NA,"",NA,"",NA,"",962,"35",1.20000004768372,"Russia",NA,"",NA,"",NA,NA,NA,"",NA,NA,NA,"",NA,NA,NA,"",NA,NA,NA,NA,NA,NA,NA,NA,NA,NA,NA,NA,NA,NA,"",NA,NA,NA,NA,3677
"105",NA,"Alexei Semin","Russia",NA,NA,"",2014,1442,46,1.14999997615814,"real estate",NA,NA,NA,"",NA,NA,NA,"",NA,NA,NA,"",NA,NA,NA,"",NA,"",NA,"",NA,"",NA,"",NA,"",NA,"",NA,NA,NA,"",NA,NA,NA,"",NA,NA,NA,"",NA,NA,NA,NA,NA,NA,NA,NA,NA,NA,NA,NA,NA,NA,"",NA,NA,NA,NA,165
"106",NA,"Ruben Vardanian","Russia",NA,NA,"",2008,NA,NA,NA,"",NA,NA,NA,"",NA,NA,NA,"",NA,NA,NA,"",NA,NA,NA,"",NA,"",NA,"",897,"39",1.29999995231628,"Russia",NA,"",NA,"",NA,NA,NA,"",NA,NA,NA,"",NA,NA,NA,"",NA,NA,NA,NA,NA,NA,NA,NA,NA,NA,NA,NA,NA,NA,"",NA,NA,NA,NA,3503
"107",NA,"Vladimir Scherbakov","Russia",NA,NA,"",2014,1210,64,1.39999997615814,"autos",1268,63,1.10000002384186,"autos",NA,NA,NA,"",NA,NA,NA,"",NA,NA,NA,"",NA,"",NA,"",NA,"",NA,"",NA,"",NA,"",NA,NA,NA,"",NA,NA,NA,"",NA,NA,NA,"",NA,NA,NA,NA,NA,NA,NA,NA,NA,NA,NA,NA,NA,NA,"",NA,NA,NA,NA,4165
"108",NA,"Andrei Rogachev","Russia",NA,NA,"",2011,NA,NA,NA,"",NA,NA,NA,"",NA,NA,NA,"",993,47,1.20000004768372,"Retail",NA,NA,NA,"",NA,"",NA,"",785,"44",1.5,"Russia",NA,"",NA,"",NA,NA,NA,"",NA,NA,NA,"",NA,NA,NA,"",NA,NA,NA,NA,NA,NA,NA,NA,NA,NA,NA,NA,NA,NA,"",NA,NA,NA,NA,250
"109",NA,"Andrei Borodin","Russia",NA,NA,"",2011,NA,NA,NA,"",NA,NA,NA,"",NA,NA,NA,"",1140,43,1,"banking",NA,NA,NA,"",NA,"",NA,"",NA,"",NA,"",NA,"",NA,"",NA,NA,NA,"",NA,NA,NA,"",NA,NA,NA,"",NA,NA,NA,NA,NA,NA,NA,NA,NA,NA,NA,NA,NA,NA,"",NA,NA,NA,NA,239
"110",NA,"Vladimir M Dubov","Russia",NA,NA,"",2003,NA,NA,NA,"",NA,NA,NA,"",NA,NA,NA,"",NA,NA,NA,"",NA,NA,NA,"",NA,"",NA,"",NA,"",NA,"",NA,"",NA,"",NA,NA,NA,"",NA,NA,NA,"",NA,NA,NA,"",427,45,1,NA,NA,NA,NA,NA,NA,NA,NA,NA,NA,NA,"",NA,NA,NA,NA,4160
"111",NA,"Bogdanov, Vladimir","Russia",NA,NA,"",2002,NA,NA,NA,"",NA,NA,NA,"",NA,NA,NA,"",NA,NA,NA,"",NA,NA,NA,"",NA,"",NA,"",NA,"",NA,"",NA,"",NA,"",NA,NA,NA,"",NA,NA,NA,"",NA,NA,NA,"",NA,NA,NA,NA,277,1.60000002384186,312,1.60000002384186,NA,NA,NA,NA,NA,NA,"",NA,NA,NA,NA,498
"112",NA,"Andrei Melnichenko","Russia",NA,NA,"",2005,NA,NA,NA,"",NA,NA,NA,"",NA,NA,NA,"",NA,NA,NA,"",NA,NA,NA,"",NA,"",NA,"",NA,"",NA,"",NA,"",NA,"",NA,NA,NA,"",548,33,1.20000004768372,"Russia , Moscow",514,32,1.10000002384186,"Russia , Moscow",NA,NA,NA,NA,NA,NA,NA,NA,NA,NA,NA,NA,NA,NA,"",NA,NA,NA,NA,247
"113",NA,"Boris Rotenberg","Russia",NA,NA,"",2014,1046,57,1.70000004768372,"construction, pipes, chemicals",1031,56,1.39999997615814,"construction, pipes, chemicals",NA,NA,NA,"",NA,NA,NA,"",NA,NA,NA,"",NA,"",NA,"",NA,"",NA,"",NA,"",NA,"",NA,NA,NA,"",NA,NA,NA,"",NA,NA,NA,"",NA,NA,NA,NA,NA,NA,NA,NA,NA,NA,NA,NA,NA,NA,"",NA,NA,NA,NA,508
"114",NA,"Alexander Vagin","Russia",NA,NA,"",2011,NA,NA,NA,"",NA,NA,NA,"",NA,NA,NA,"",938,52,1.29999995231628,"Coal",NA,NA,NA,"",NA,"",NA,"",NA,"",NA,"",NA,"",NA,"",NA,NA,NA,"",NA,NA,NA,"",NA,NA,NA,"",NA,NA,NA,NA,NA,NA,NA,NA,NA,NA,NA,NA,NA,NA,"",NA,NA,NA,NA,153
"115",NA,"Mikhail B Khodorkovsky","Russia",NA,NA,"",2003,NA,NA,NA,"",NA,NA,NA,"",NA,NA,NA,"",NA,NA,NA,"",NA,NA,NA,"",NA,"",NA,"",NA,"",NA,"",NA,"",NA,"",NA,NA,NA,"",NA,NA,NA,"",NA,NA,NA,"",26,39,8,NA,NA,NA,NA,NA,NA,NA,NA,NA,NA,NA,"",NA,NA,NA,NA,2809
"116",NA,"Gennady Kozovoy","Russia",NA,NA,"",2011,NA,NA,NA,"",NA,NA,NA,"",NA,NA,NA,"",938,59,1.29999995231628,"Coal",NA,NA,NA,"",NA,"",NA,"",NA,"",NA,"",NA,"",NA,"",NA,NA,NA,"",NA,NA,NA,"",NA,NA,NA,"",NA,NA,NA,NA,NA,NA,NA,NA,NA,NA,NA,NA,NA,NA,"",NA,NA,NA,NA,1285
"117",NA,"Alexander Girda","Russia",NA,NA,"",2011,NA,NA,NA,"",NA,NA,NA,"",NA,NA,NA,"",1140,49,1,"Retail",NA,NA,NA,"",NA,"",NA,"",NA,"",NA,"",NA,"",NA,"",NA,NA,NA,"",NA,NA,NA,"",NA,NA,NA,"",NA,NA,NA,NA,NA,NA,NA,NA,NA,NA,NA,NA,NA,NA,"",NA,NA,NA,NA,134
"118",NA,"Alexander Putilov","Russia",NA,NA,"",2014,1372,61,1.20000004768372,"oil",1088,60,1.35000002384186,"oil",NA,NA,NA,"",1057,58,1.10000002384186,"oil",NA,NA,NA,"",NA,"",NA,"",NA,"",NA,"",NA,"",NA,"",NA,NA,NA,"",NA,NA,NA,"",NA,NA,NA,"",NA,NA,NA,NA,NA,NA,NA,NA,NA,NA,NA,NA,NA,NA,"",NA,NA,NA,NA,144
"119",NA,"Shalva Chigirinsky","Russia",NA,NA,"",2008,NA,NA,NA,"",NA,NA,NA,"",NA,NA,NA,"",NA,NA,NA,"",NA,NA,NA,"",NA,"",NA,"",524,"58",2.29999995231628,"Russia",618,"57",1.60000002384186,"Russia",NA,NA,NA,"",NA,NA,NA,"",NA,NA,NA,"",NA,NA,NA,NA,NA,NA,NA,NA,NA,NA,NA,NA,NA,NA,"",NA,NA,NA,NA,3697
"120",NA,"Anatoly Skurov","Russia",NA,NA,"",2013,NA,NA,NA,"",882,60,1.70000004768372,"coal, fertilisers",719,59,1.79999995231628,"coal, fertilisers",512,58,2.29999995231628,"Coal",NA,NA,NA,"",NA,"",NA,"",NA,"",NA,"",NA,"",NA,"",NA,NA,NA,"",NA,NA,NA,"",NA,NA,NA,"",NA,NA,NA,NA,NA,NA,NA,NA,NA,NA,NA,NA,NA,NA,"",NA,NA,NA,NA,223
"121",NA,"Boris Ivanishvili","Russia",NA,NA,"",2011,NA,NA,NA,"",NA,NA,NA,"",NA,NA,NA,"",185,55,5.5,"Investments",167,54,4.80000019073486,"Georgia",191,"53",3.20000004768372,"Georgia",149,"52",6.40000009536743,"Georgia",167,"51",4.69999980926514,"France",173,50,3.90000009536743,"France",228,49,2.59999990463257,"France , Paris",NA,NA,NA,"",NA,NA,NA,NA,NA,NA,NA,NA,NA,NA,NA,NA,NA,NA,"",NA,NA,NA,NA,506
"122",NA,"Leonid B Nevzlin","Russia",NA,NA,"",2003,NA,NA,NA,"",NA,NA,NA,"",NA,NA,NA,"",NA,NA,NA,"",NA,NA,NA,"",NA,"",NA,"",NA,"",NA,"",NA,"",NA,"",NA,NA,NA,"",NA,NA,NA,"",NA,NA,NA,"",386,43,1.10000002384186,NA,NA,NA,NA,NA,NA,NA,NA,NA,NA,NA,"",NA,NA,NA,NA,2373
"123",NA,"Dmitry Troitsky","Russia",NA,NA,"",2014,1565,49,1,"retail",1268,48,1.10000002384186,"retail",NA,NA,NA,"",1140,46,1,"Retail",NA,NA,NA,"",NA,"",NA,"",NA,"",NA,"",NA,"",NA,"",NA,NA,NA,"",NA,NA,NA,"",NA,NA,NA,"",NA,NA,NA,NA,NA,NA,NA,NA,NA,NA,NA,NA,NA,NA,"",NA,NA,NA,NA,931
"124",NA,"Vagit Y Alekperov","Russia",NA,NA,"",2003,NA,NA,NA,"",NA,NA,NA,"",NA,NA,NA,"",NA,NA,NA,"",NA,NA,NA,"",NA,"",NA,"",NA,"",NA,"",NA,"",NA,"",NA,NA,NA,"",NA,NA,NA,"",NA,NA,NA,"",329,52,1.29999995231628,NA,NA,NA,NA,NA,NA,NA,NA,NA,NA,NA,"",NA,NA,NA,NA,4101
"125",NA,"Vladimir Dubov","Russia",NA,NA,"",2004,NA,NA,NA,"",NA,NA,NA,"",NA,NA,NA,"",NA,NA,NA,"",NA,NA,NA,"",NA,"",NA,"",NA,"",NA,"",NA,"",NA,"",NA,NA,NA,"",NA,NA,NA,"",310,46,1.79999995231628,"Russia , Moscow",NA,NA,NA,NA,NA,NA,NA,NA,NA,NA,NA,NA,NA,NA,"",NA,NA,NA,NA,4153
"126",NA,"Sergei Pugachev","Russia",NA,NA,"",2008,NA,NA,NA,"",NA,NA,NA,"",NA,NA,NA,"",NA,NA,NA,"",NA,NA,NA,"",NA,"",NA,"",605,"45",2,"Russia",NA,"",NA,"",NA,NA,NA,"",NA,NA,NA,"",NA,NA,NA,"",NA,NA,NA,NA,NA,NA,NA,NA,NA,NA,NA,NA,NA,NA,"",NA,NA,NA,NA,3679
"127",NA,"Megdet Rahimkulov","Russia",NA,NA,"",2014,1442,68,1.14999997615814,"investments",1031,67,1.39999997615814,"investments",1015,66,1.20000004768372,"investments",782,65,1.60000002384186,"Investments",721,64,1.39999997615814,"Russia",NA,"",NA,"",1014,"62",1.10000002384186,"Hungary",NA,"",NA,"",NA,NA,NA,"",NA,NA,NA,"",NA,NA,NA,"",NA,NA,NA,NA,NA,NA,NA,NA,NA,NA,NA,NA,NA,NA,"",NA,NA,NA,NA,2727
"128",NA,"Sergei Tsikalyuk","Russia",NA,NA,"",2014,1565,55,1,"insurance",1342,54,1,"insurance",1153,53,1,"insurance",NA,NA,NA,"",NA,NA,NA,"",NA,"",NA,"",NA,"",NA,"",NA,"",NA,"",NA,NA,NA,"",NA,NA,NA,"",NA,NA,NA,"",NA,NA,NA,NA,NA,NA,NA,NA,NA,NA,NA,NA,NA,NA,"",NA,NA,NA,NA,3681
"129",NA,"Mikhail Goutseriev","Russia",NA,NA,"",2007,NA,NA,NA,"",NA,NA,NA,"",NA,NA,NA,"",NA,NA,NA,"",NA,NA,NA,"",NA,"",NA,"",NA,"",NA,"",314,"49",2.90000009536743,"Russia",NA,NA,NA,"",NA,NA,NA,"",NA,NA,NA,"",NA,NA,NA,NA,NA,NA,NA,NA,NA,NA,NA,NA,NA,NA,"",NA,NA,NA,NA,2814
"130",NA,"Yuri Zhukov","Russia",NA,NA,"",2008,NA,NA,NA,"",NA,NA,NA,"",NA,NA,NA,"",NA,NA,NA,"",NA,NA,NA,"",NA,"",NA,"",160,"38",6.09999990463257,"Russia",NA,"",NA,"",NA,NA,NA,"",NA,NA,NA,"",NA,NA,NA,"",NA,NA,NA,NA,NA,NA,NA,NA,NA,NA,NA,NA,NA,NA,"",NA,NA,NA,NA,4444
"131",NA,"Andrei Komarov","Russia",NA,NA,"",2011,NA,NA,NA,"",NA,NA,NA,"",NA,NA,NA,"",1140,44,1,"Manufacturing",NA,NA,NA,"",NA,"",NA,"",897,"41",1.29999995231628,"Russia",NA,"",NA,"",NA,NA,NA,"",NA,NA,NA,"",NA,NA,NA,"",NA,NA,NA,NA,NA,NA,NA,NA,NA,NA,NA,NA,NA,NA,"",NA,NA,NA,NA,243
"132",NA,"Leonid Nevzlin","Russia",NA,NA,"",2004,NA,NA,NA,"",NA,NA,NA,"",NA,NA,NA,"",NA,NA,NA,"",NA,NA,NA,"",NA,"",NA,"",NA,"",NA,"",NA,"",NA,"",NA,NA,NA,"",NA,NA,NA,"",277,44,2,"Russia , Moscow",NA,NA,NA,NA,NA,NA,NA,NA,NA,NA,NA,NA,NA,NA,"",NA,NA,NA,NA,2376
"133",NA,"Ural Rakhimov","Russia",NA,NA,"",2010,NA,NA,NA,"",NA,NA,NA,"",NA,NA,NA,"",NA,NA,NA,"",828,48,1.20000004768372,"Russia",NA,"",NA,"",NA,"",NA,"",488,"45",2,"Russia",NA,NA,NA,"",NA,NA,NA,"",NA,NA,NA,"",NA,NA,NA,NA,NA,NA,NA,NA,NA,NA,NA,NA,NA,NA,"",NA,NA,NA,NA,4091
"134",NA,"Igor Kim","Russia",NA,NA,"",2008,NA,NA,NA,"",NA,NA,NA,"",NA,NA,NA,"",NA,NA,NA,"",NA,NA,NA,"",NA,"",NA,"",1062,"42",1,"Russia",NA,"",NA,"",NA,NA,NA,"",NA,NA,NA,"",NA,NA,NA,"",NA,NA,NA,NA,NA,NA,NA,NA,NA,NA,NA,NA,NA,NA,"",NA,NA,NA,NA,1655
"135",NA,"Alekperov, Vagit","Russia",NA,NA,"",2002,NA,NA,NA,"",NA,NA,NA,"",NA,NA,NA,"",NA,NA,NA,"",NA,NA,NA,"",NA,"",NA,"",NA,"",NA,"",NA,"",NA,"",NA,NA,NA,"",NA,NA,NA,"",NA,NA,NA,"",NA,NA,NA,NA,327,1.39999997615814,387,1.29999995231628,NA,NA,NA,NA,NA,NA,"",201,1.39999997615814,NA,NA,129
"136",NA,"Sergei Kislov","Russia",NA,NA,"",2014,1465,53,1.10000002384186,"agriculture, refinery",1161,52,1.25,"agriculture, refinery",NA,NA,NA,"",NA,NA,NA,"",NA,NA,NA,"",NA,"",NA,"",NA,"",NA,"",NA,"",NA,"",NA,NA,NA,"",NA,NA,NA,"",NA,NA,NA,"",NA,NA,NA,NA,NA,NA,NA,NA,NA,NA,NA,NA,NA,NA,"",NA,NA,NA,NA,3675
"137",NA,"Boris Berezovsky","Russia",NA,NA,"",2009,NA,NA,NA,"",NA,NA,NA,"",NA,NA,NA,"",NA,NA,NA,"",NA,NA,NA,"",701,"63",1,"United Kingdom",897,"62",1.29999995231628,"United Kingdom",840,"61",1.10000002384186,"Russia",NA,NA,NA,"",NA,NA,NA,"",NA,NA,NA,"",NA,NA,NA,NA,NA,NA,NA,NA,NA,NA,NA,NA,NA,NA,"",NA,NA,NA,NA,505
"138",NA,"Georgy Krasnyansky","Russia",NA,NA,"",2008,NA,NA,NA,"",NA,NA,NA,"",NA,NA,NA,"",NA,NA,NA,"",NA,NA,NA,"",NA,"",NA,"",1062,"52",1,"Russia",NA,"",NA,"",NA,NA,NA,"",NA,NA,NA,"",NA,NA,NA,"",NA,NA,NA,NA,NA,NA,NA,NA,NA,NA,NA,NA,NA,NA,"",NA,NA,NA,NA,1307
"139",NA,"Evgeny Schvidler","Russia",NA,NA,"",2003,NA,NA,NA,"",NA,NA,NA,"",NA,NA,NA,"",NA,NA,NA,"",NA,NA,NA,"",NA,"",NA,"",NA,"",NA,"",NA,"",NA,"",NA,NA,NA,"",NA,NA,NA,"",NA,NA,NA,"",386,38,1.10000002384186,NA,NA,NA,NA,NA,NA,NA,NA,NA,NA,NA,"",NA,NA,NA,NA,1116
"140",NA,"Kirill Pisarev","Russia",NA,NA,"",2008,NA,NA,NA,"",NA,NA,NA,"",NA,NA,NA,"",NA,NA,NA,"",NA,NA,NA,"",NA,"",NA,"",160,"38",6.09999990463257,"Russia",NA,"",NA,"",NA,NA,NA,"",NA,NA,NA,"",NA,NA,NA,"",NA,NA,NA,NA,NA,NA,NA,NA,NA,NA,NA,NA,NA,NA,"",NA,NA,NA,NA,2155
"141",NA,"Andrei Kuzyaev","Russia",NA,NA,"",2014,1442,48,1.14999997615814,"telecom, oil service, real estate",NA,NA,NA,"",NA,NA,NA,"",1057,45,1.10000002384186,"Telecom, oil service, real estate",NA,NA,NA,"",NA,"",NA,"",NA,"",NA,"",NA,"",NA,"",NA,NA,NA,"",NA,NA,NA,"",NA,NA,NA,"",NA,NA,NA,NA,NA,NA,NA,NA,NA,NA,NA,NA,NA,NA,"",NA,NA,NA,NA,246
"142",NA,"Platon L Lebedev","Russia",NA,NA,"",2003,NA,NA,NA,"",NA,NA,NA,"",NA,NA,NA,"",NA,NA,NA,"",NA,NA,NA,"",NA,"",NA,"",NA,"",NA,"",NA,"",NA,"",NA,NA,NA,"",NA,NA,NA,"",NA,NA,NA,"",427,46,1,NA,NA,NA,NA,NA,NA,NA,NA,NA,NA,NA,"",NA,NA,NA,NA,3189
"143",NA,"Yuri Kovalchuk","Russia",NA,NA,"",2014,1210,62,1.39999997615814,"banking, insurance, media",1268,61,1.10000002384186,"banking, insurance, media",1015,60,1.20000004768372,"banking, insurance, media",833,59,1.5,"banking, insurance, media",NA,NA,NA,"",NA,"",NA,"",652,"56",1.89999997615814,"Russia",NA,"",NA,"",NA,NA,NA,"",NA,NA,NA,"",NA,NA,NA,"",NA,NA,NA,NA,NA,NA,NA,NA,NA,NA,NA,NA,NA,NA,"",NA,NA,NA,NA,4441
"144",NA,"Vladimir P Yevtushenkov","Russia",NA,NA,"",2003,NA,NA,NA,"",NA,NA,NA,"",NA,NA,NA,"",NA,NA,NA,"",NA,NA,NA,"",NA,"",NA,"",NA,"",NA,"",NA,"",NA,"",NA,NA,NA,"",NA,NA,NA,"",NA,NA,NA,"",278,54,1.5,NA,NA,NA,NA,NA,NA,NA,NA,NA,NA,NA,"",NA,NA,NA,NA,4163
"145",NA,"Igor Yakovlev","Russia",NA,NA,"",2008,NA,NA,NA,"",NA,NA,NA,"",NA,NA,NA,"",NA,NA,NA,"",NA,NA,NA,"",NA,"",NA,"",677,"42",1.79999995231628,"Russia",618,"41",1.60000002384186,"Russia",NA,NA,NA,"",NA,NA,NA,"",NA,NA,NA,"",NA,NA,NA,NA,NA,NA,NA,NA,NA,NA,NA,NA,NA,NA,"",NA,NA,NA,NA,1658
"146",NA,"Alexei Mordashov","Russia",NA,NA,"",2012,NA,NA,NA,"",NA,NA,NA,"",45,46,15.3000001907349,"steel, investments",29,45,18.5,"Steel",70,44,9.89999961853027,"Russia",122,"43",4.30000019073486,"Russia",18,"42",21.2000007629395,"Russia",54,"41",11.1999998092651,"Russia",64,40,7.59999990463257,"Russia",107,39,4.80000019073486,"Russia , Moscow",136,38,3.5,"Russia , Cherepovets",NA,NA,NA,NA,NA,NA,NA,NA,NA,NA,NA,NA,NA,NA,"",NA,NA,NA,NA,159
"147",NA,"Nikolai Sarkisov","Russia",NA,NA,"",2014,1465,45,1.10000002384186,"insurance, real estate",1088,44,1.35000002384186,"insurance, real estate",1015,43,1.20000004768372,"insurance, real estate",833,42,1.5,"insurance, real estate",NA,NA,NA,"",NA,"",NA,"",785,"39",1.5,"Russia",NA,"",NA,"",NA,NA,NA,"",NA,NA,NA,"",NA,NA,NA,"",NA,NA,NA,NA,NA,NA,NA,NA,NA,NA,NA,NA,NA,NA,"",NA,NA,NA,NA,2987
"148",NA,"Abramovich, Roman","Russia",NA,NA,"",2002,NA,NA,NA,"",NA,NA,NA,"",NA,NA,NA,"",NA,NA,NA,"",NA,NA,NA,"",NA,"",NA,"",NA,"",NA,"",NA,"",NA,"",NA,NA,NA,"",NA,NA,NA,"",NA,NA,NA,"",NA,NA,NA,NA,127,3,363,1.39999997615814,NA,NA,NA,NA,NA,NA,"",NA,NA,NA,NA,38
"149",NA,"Viktor Kharitonin","Russia",NA,NA,"",2013,NA,NA,NA,"",1342,40,1,"pharmaceuticals",NA,NA,NA,"",833,38,1.5,"pharmaceuticals",NA,NA,NA,"",NA,"",NA,"",1014,"35",1.10000002384186,"Russia",NA,"",NA,"",NA,NA,NA,"",NA,NA,NA,"",NA,NA,NA,"",NA,NA,NA,NA,NA,NA,NA,NA,NA,NA,NA,NA,NA,NA,"",NA,NA,NA,NA,4128
"150",NA,"Sergei Generalov","Russia",NA,NA,"",2008,NA,NA,NA,"",NA,NA,NA,"",NA,NA,NA,"",NA,NA,NA,"",NA,NA,NA,"",NA,"",NA,"",1062,"44",1,"Russia",NA,"",NA,"",NA,NA,NA,"",NA,NA,NA,"",NA,NA,NA,"",NA,NA,NA,NA,NA,NA,NA,NA,NA,NA,NA,NA,NA,NA,"",NA,NA,NA,NA,3673
"151",NA,"Vyacheslav Sheremet","Russia",NA,NA,"",2004,NA,NA,NA,"",NA,NA,NA,"",NA,NA,NA,"",NA,NA,NA,"",NA,NA,NA,"",NA,"",NA,"",NA,"",NA,"",NA,"",NA,"",NA,NA,NA,"",NA,NA,NA,"",472,62,1.20000004768372,"Russia , Moscow",NA,NA,NA,NA,NA,NA,NA,NA,NA,NA,NA,NA,NA,NA,"",NA,NA,NA,NA,4171
"152",NA,"Dmitry Pumpyansky","Russia",NA,NA,"",2014,869,49,2,"steel pipes",670,48,2.20000004768372,"steel pipes",634,48,2,"steel pipes",347,46,3.20000004768372,"steel pipes",342,46,2.90000009536743,"Russia",NA,"",NA,"",164,"44",6,"Russia",132,"43",5.69999980926514,"Russia",NA,NA,NA,"",NA,NA,NA,"",NA,NA,NA,"",NA,NA,NA,NA,NA,NA,NA,NA,NA,NA,NA,NA,NA,NA,"",NA,NA,NA,NA,929
"153",NA,"Mikhail Khodorkovsky","Russia",NA,NA,"",2005,NA,NA,NA,"",NA,NA,NA,"",NA,NA,NA,"",NA,NA,NA,"",NA,NA,NA,"",NA,"",NA,"",NA,"",NA,"",NA,"",NA,"",NA,NA,NA,"",292,41,2.20000004768372,"Russia , Moscow",16,40,15,"Russia , Moscow",NA,NA,NA,NA,NA,NA,NA,NA,NA,NA,NA,NA,NA,NA,"",NA,NA,NA,NA,2816
"154",NA,"David Yakobashvili","Russia",NA,NA,"",2014,1372,57,1.20000004768372,"oil, real estate",NA,NA,NA,"",NA,NA,NA,"",NA,NA,NA,"",NA,NA,NA,"",NA,"",NA,"",NA,"",NA,"",NA,"",NA,"",NA,NA,NA,"",NA,NA,NA,"",NA,NA,NA,"",NA,NA,NA,NA,NA,NA,NA,NA,NA,NA,NA,NA,NA,NA,"",NA,NA,NA,NA,856
"155",NA,"Vasiliy Anisimov","Russia",NA,NA,"",2006,NA,NA,NA,"",NA,NA,NA,"",NA,NA,NA,"",NA,NA,NA,"",NA,NA,NA,"",NA,"",NA,"",NA,"",NA,"",NA,"",NA,"",606,54,1.29999995231628,"Russia",NA,NA,NA,"",NA,NA,NA,"",NA,NA,NA,NA,NA,NA,NA,NA,NA,NA,NA,NA,NA,NA,"",NA,NA,NA,NA,4108
"156",NA,"Valentin Bukhtoyarov","Russia",NA,NA,"",2011,NA,NA,NA,"",NA,NA,NA,"",NA,NA,NA,"",692,56,1.79999995231628,"Coal",NA,NA,NA,"",NA,"",NA,"",NA,"",NA,"",NA,"",NA,"",NA,NA,NA,"",NA,NA,NA,"",NA,NA,NA,"",NA,NA,NA,NA,NA,NA,NA,NA,NA,NA,NA,NA,NA,NA,"",NA,NA,NA,NA,4102
"157",NA,"Andrei Molchanov","Russia",NA,NA,"",2014,1284,42,1.29999995231628,"construction materials",922,41,1.64999997615814,"construction materials",764,40,1.70000004768372,"construction materials",347,39,3.20000004768372,"construction materials",556,38,1.79999995231628,"Russia",NA,"",NA,"",260,"36",4,"Russia",NA,"",NA,"",NA,NA,NA,"",NA,NA,NA,"",NA,NA,NA,"",NA,NA,NA,NA,NA,NA,NA,NA,NA,NA,NA,NA,NA,NA,"",NA,NA,NA,NA,248
"158",NA,"Platon Lebedev","Russia",NA,NA,"",2004,NA,NA,NA,"",NA,NA,NA,"",NA,NA,NA,"",NA,NA,NA,"",NA,NA,NA,"",NA,"",NA,"",NA,"",NA,"",NA,"",NA,"",NA,NA,NA,"",NA,NA,NA,"",310,47,1.79999995231628,"Russia , Moscow",NA,NA,NA,NA,NA,NA,NA,NA,NA,NA,NA,NA,NA,NA,"",NA,NA,NA,NA,3190
"159",NA,"Vladimir Gridin","Russia",NA,NA,"",2013,NA,NA,NA,"",974,57,1.5,"coal, railway transport",634,56,2,"coal, railway transport",879,55,1.39999997615814,"coal, engineering",NA,NA,NA,"",NA,"",NA,"",NA,"",NA,"",NA,"",NA,"",NA,NA,NA,"",NA,NA,NA,"",NA,NA,NA,"",NA,NA,NA,NA,NA,NA,NA,NA,NA,NA,NA,NA,NA,NA,"",NA,NA,NA,NA,4154
"160",NA,"Alexander Shchukin","Russia",NA,NA,"",2011,NA,NA,NA,"",NA,NA,NA,"",NA,NA,NA,"",692,60,1.79999995231628,"Coal",NA,NA,NA,"",NA,"",NA,"",NA,"",NA,"",NA,"",NA,"",NA,NA,NA,"",NA,NA,NA,"",NA,NA,NA,"",NA,NA,NA,NA,NA,NA,NA,NA,NA,NA,NA,NA,NA,NA,"",NA,NA,NA,NA,147
"161",NA,"Igor Zyuzin","Russia",NA,NA,"",2013,NA,NA,NA,"",831,52,1.79999995231628,"steel",367,51,3.09999990463257,"steel",102,50,8.89999961853027,"Steel",113,49,6.40000009536743,"Russia",701,"48",1,"Russia",77,"47",10,"Russia",458,"46",2.09999990463257,"Russia",451,45,1.70000004768372,"Russia",437,44,1.5,"Russia , Moscow",NA,NA,NA,"",NA,NA,NA,NA,NA,NA,NA,NA,NA,NA,NA,NA,NA,NA,"",NA,NA,NA,NA,1659
"162",NA,"Berezovsky, Boris","Russia",NA,NA,"",1997,NA,NA,NA,"",NA,NA,NA,"",NA,NA,NA,"",NA,NA,NA,"",NA,NA,NA,"",NA,"",NA,"",NA,"",NA,"",NA,"",NA,"",NA,NA,NA,"",NA,NA,NA,"",NA,NA,NA,"",NA,NA,NA,NA,NA,NA,NA,NA,NA,NA,NA,NA,NA,NA,"",104,3,NA,NA,431
"163",NA,"Vladimir Melnichenko","Russia",NA,NA,"",2011,NA,NA,NA,"",NA,NA,NA,"",NA,NA,NA,"",692,59,1.79999995231628,"Coal",NA,NA,NA,"",NA,"",NA,"",NA,"",NA,"",NA,"",NA,"",NA,NA,NA,"",NA,NA,NA,"",NA,NA,NA,"",NA,NA,NA,NA,NA,NA,NA,NA,NA,NA,NA,NA,NA,NA,"",NA,NA,NA,NA,4161
"164",NA,"Dmitry Zelenov","Russia",NA,NA,"",2008,NA,NA,NA,"",NA,NA,NA,"",NA,NA,NA,"",NA,NA,NA,"",NA,NA,NA,"",NA,"",NA,"",843,"35",1.39999997615814,"Russia",NA,"",NA,"",NA,NA,NA,"",NA,NA,NA,"",NA,NA,NA,"",NA,NA,NA,NA,NA,NA,NA,NA,NA,NA,NA,NA,NA,NA,"",NA,NA,NA,NA,932
"165",NA,"Vassily Anisimov","Russia",NA,NA,"",2007,NA,NA,NA,"",NA,NA,NA,"",NA,NA,NA,"",NA,NA,NA,"",NA,NA,NA,"",NA,"",NA,"",NA,"",NA,"",488,"55",2,"Russia",NA,NA,NA,"",NA,NA,NA,"",NA,NA,NA,"",NA,NA,NA,NA,NA,NA,NA,NA,NA,NA,NA,NA,NA,NA,"",NA,NA,NA,NA,4112
"166",NA,"Nikita Mishin","Russia",NA,NA,"",2014,1372,42,1.20000004768372,"ports, railway transport",1088,41,1.35000002384186,"ports, railway transport",960,40,1.29999995231628,"ports, railway transport",1057,39,1.10000002384186,"ports, railway transport",NA,NA,NA,"",NA,"",NA,"",NA,"",NA,"",NA,"",NA,"",NA,NA,NA,"",NA,NA,NA,"",NA,NA,NA,"",NA,NA,NA,NA,NA,NA,NA,NA,NA,NA,NA,NA,NA,NA,"",NA,NA,NA,NA,2983
"167",NA,"Dmitry Korzhev","Russia",NA,NA,"",2014,1565,50,1,"retail",1268,49,1.10000002384186,"retail",NA,NA,NA,"",1140,47,1,"Retail",NA,NA,NA,"",NA,"",NA,"",NA,"",NA,"",NA,"",NA,"",NA,NA,NA,"",NA,NA,NA,"",NA,NA,NA,"",NA,NA,NA,NA,NA,NA,NA,NA,NA,NA,NA,NA,NA,NA,"",NA,NA,NA,NA,927
"168",NA,"Vasily Shakhnovsky","Russia",NA,NA,"",2004,NA,NA,NA,"",NA,NA,NA,"",NA,NA,NA,"",NA,NA,NA,"",NA,NA,NA,"",NA,"",NA,"",NA,"",NA,"",NA,"",NA,"",NA,NA,NA,"",NA,NA,NA,"",310,46,1.79999995231628,"Russia , Moscow",NA,NA,NA,NA,NA,NA,NA,NA,NA,NA,NA,NA,NA,NA,"",NA,NA,NA,NA,4111
"169",NA,"Mikhail M Fridman","Russia",NA,NA,"",2003,NA,NA,NA,"",NA,NA,NA,"",NA,NA,NA,"",NA,NA,NA,"",NA,NA,NA,"",NA,"",NA,"",NA,"",NA,"",NA,"",NA,"",NA,NA,NA,"",NA,NA,NA,"",NA,NA,NA,"",68,38,4.30000019073486,NA,NA,NA,NA,NA,NA,NA,NA,NA,NA,NA,"",NA,NA,NA,NA,2817
"170",NA,"Valery Kogan","Russia",NA,NA,"",2014,687,62,2.5,"airport",868,61,1.75,"airport",804,61,1.60000002384186,"airport",595,60,2,"airport",NA,NA,NA,"",NA,"",NA,"",NA,"",NA,"",NA,"",NA,"",NA,NA,NA,"",NA,NA,NA,"",NA,NA,NA,"",NA,NA,NA,NA,NA,NA,NA,NA,NA,NA,NA,NA,NA,NA,"",NA,NA,NA,NA,4104
"171",NA,"Alexei Kuzmichov","Russia",NA,NA,"",2007,NA,NA,NA,"",NA,NA,NA,"",NA,NA,NA,"",NA,NA,NA,"",NA,NA,NA,"",NA,"",NA,"",NA,"",NA,"",116,"44",6.19999980926514,"Russia",129,43,4.80000019073486,"Russia",413,42,1.60000002384186,"Russia",NA,NA,NA,"",NA,NA,NA,NA,NA,NA,NA,NA,NA,NA,NA,NA,NA,NA,"",NA,NA,NA,NA,162
"172",NA,"Mikhail Brudno","Russia",NA,NA,"",2004,NA,NA,NA,"",NA,NA,NA,"",NA,NA,NA,"",NA,NA,NA,"",NA,NA,NA,"",NA,"",NA,"",NA,"",NA,"",NA,"",NA,"",NA,NA,NA,"",NA,NA,NA,"",310,44,1.79999995231628,"Russia , Moscow",NA,NA,NA,NA,NA,NA,NA,NA,NA,NA,NA,NA,NA,NA,"",NA,NA,NA,NA,2811
"173",NA,"Alexander Lebedev","Russia",NA,NA,"",2012,NA,NA,NA,"",NA,NA,NA,"",1075,52,1.10000002384186,"investments, banking",564,51,2.09999990463257,"investments, banking",488,50,2,"Russia",NA,"",NA,"",358,"48",3.09999990463257,"Russia",237,"47",3.70000004768372,"Russia",194,46,3.5,"Russia",413,45,1.60000002384186,"Russia",NA,NA,NA,"",NA,NA,NA,NA,NA,NA,NA,NA,NA,NA,NA,NA,NA,NA,"",NA,NA,NA,NA,137
"174",NA,"Mikhail B Brudno","Russia",NA,NA,"",2003,NA,NA,NA,"",NA,NA,NA,"",NA,NA,NA,"",NA,NA,NA,"",NA,NA,NA,"",NA,"",NA,"",NA,"",NA,"",NA,"",NA,"",NA,NA,NA,"",NA,NA,NA,"",NA,NA,NA,"",427,43,1,NA,NA,NA,NA,NA,NA,NA,NA,NA,NA,NA,"",NA,NA,NA,NA,2808
"175",NA,"Oleg Tinkov","Russia",NA,NA,"",2014,1210,46,1.39999997615814,"banking",NA,NA,NA,"",NA,NA,NA,"",NA,NA,NA,"",NA,NA,NA,"",NA,"",NA,"",NA,"",NA,"",NA,"",NA,"",NA,NA,NA,"",NA,NA,NA,"",NA,NA,NA,"",NA,NA,NA,NA,NA,NA,NA,NA,NA,NA,NA,NA,NA,NA,"",NA,NA,NA,NA,3034
"176",NA,"Potanin, Vladimir","Russia",NA,NA,"",2002,NA,NA,NA,"",NA,NA,NA,"",NA,NA,NA,"",NA,NA,NA,"",NA,NA,NA,"",NA,"",NA,"",NA,"",NA,"",NA,"",NA,"",NA,NA,NA,"",NA,NA,NA,"",NA,NA,NA,"",NA,NA,NA,NA,234,1.79999995231628,272,1.79999995231628,NA,NA,NA,NA,198,1.60000002384186,"banking, oil, metals, telecommunications",NA,NA,NA,NA,3197
"177",NA,"Sergei Veremeenko","Russia",NA,NA,"",2008,NA,NA,NA,"",NA,NA,NA,"",NA,NA,NA,"",NA,NA,NA,"",NA,NA,NA,"",NA,"",NA,"",843,"56",1.39999997615814,"Russia",NA,"",NA,"",NA,NA,NA,"",NA,NA,NA,"",NA,NA,NA,"",NA,NA,NA,NA,NA,NA,NA,NA,NA,NA,NA,NA,NA,NA,"",NA,NA,NA,NA,3682
"178",NA,"Viakhirev, Rem","Russia",NA,NA,"",2001,NA,NA,NA,"",NA,NA,NA,"",NA,NA,NA,"",NA,NA,NA,"",NA,NA,NA,"",NA,"",NA,"",NA,"",NA,"",NA,"",NA,"",NA,NA,NA,"",NA,NA,NA,"",NA,NA,NA,"",NA,NA,NA,NA,NA,NA,336,1.5,NA,NA,NA,NA,NA,NA,"",224,1.10000002384186,NA,NA,4116
"179",NA,"Ziyaudin Magomedov","Russia",NA,NA,"",2014,1372,45,1.20000004768372,"port, gas",NA,NA,NA,"",NA,NA,NA,"",NA,NA,NA,"",NA,NA,NA,"",NA,"",NA,"",NA,"",NA,"",NA,"",NA,"",NA,NA,NA,"",NA,NA,NA,"",NA,NA,NA,"",NA,NA,NA,NA,NA,NA,NA,NA,NA,NA,NA,NA,NA,NA,"",NA,NA,NA,NA,4495
"180",NA,"Anatoly Sedykh","Russia",NA,NA,"",2014,1465,49,1.10000002384186,"steel pipes",882,48,1.70000004768372,"steel pipes",634,47,2,"steel pipes",651,46,1.89999997615814,"steel pipes",880,45,1.10000002384186,"Russia",NA,"",NA,"",677,"43",1.79999995231628,"Russia",799,"42",1.20000004768372,"Russia",NA,NA,NA,"",NA,NA,NA,"",NA,NA,NA,"",NA,NA,NA,NA,NA,NA,NA,NA,NA,NA,NA,NA,NA,NA,"",NA,NA,NA,NA,222
"181",NA,"Vitaly Malkin","Russia",NA,NA,"",2008,NA,NA,NA,"",NA,NA,NA,"",NA,NA,NA,"",NA,NA,NA,"",NA,NA,NA,"",NA,"",NA,"",1062,"55",1,"Russia",NA,"",NA,"",NA,NA,NA,"",NA,NA,NA,"",NA,NA,NA,"",NA,NA,NA,NA,NA,NA,NA,NA,NA,NA,NA,NA,NA,NA,"",NA,NA,NA,NA,4146
"182",NA,"Andrei Bokarev","Russia",NA,NA,"",2014,1154,47,1.5,"coal mining, machine building",1088,46,1.35000002384186,"coal mining, machine building",NA,NA,NA,"",NA,NA,NA,"",NA,NA,NA,"",NA,"",NA,"",NA,"",NA,"",NA,"",NA,"",NA,NA,NA,"",NA,NA,NA,"",NA,NA,NA,"",NA,NA,NA,NA,NA,NA,NA,NA,NA,NA,NA,NA,NA,NA,"",NA,NA,NA,NA,238
"183",NA,"Mikhail Fedyaev","Russia",NA,NA,"",2013,NA,NA,NA,"",1175,50,1.20000004768372,"coal, railway transport, machinery",1153,49,1,"coal, railway transport, machinery",NA,NA,NA,"",NA,NA,NA,"",NA,"",NA,"",NA,"",NA,"",NA,"",NA,"",NA,NA,NA,"",NA,NA,NA,"",NA,NA,NA,"",NA,NA,NA,NA,NA,NA,NA,NA,NA,NA,NA,NA,NA,NA,"",NA,NA,NA,NA,2812
"184",NA,"Victor Rashnikov","Russia",NA,NA,"",2005,NA,NA,NA,"",NA,NA,NA,"",NA,NA,NA,"",NA,NA,NA,"",NA,NA,NA,"",NA,"",NA,"",NA,"",NA,"",NA,"",NA,"",NA,NA,NA,"",151,56,3.59999990463257,"Russia , Magnitogorsk",NA,NA,NA,"",NA,NA,NA,NA,NA,NA,NA,NA,NA,NA,NA,NA,NA,NA,"",NA,NA,NA,NA,4122
"185",NA,"Arkady Volozh","Russia",NA,NA,"",2014,1046,50,1.70000004768372,"internet",1250,49,1.14999997615814,"Internet",NA,NA,NA,"",NA,NA,NA,"",NA,NA,NA,"",NA,"",NA,"",NA,"",NA,"",NA,"",NA,"",NA,NA,NA,"",NA,NA,NA,"",NA,NA,NA,"",NA,NA,NA,NA,NA,NA,NA,NA,NA,NA,NA,NA,NA,NA,"",NA,NA,NA,NA,319
"186",NA,"Viktor Nusenkis","Russia",NA,NA,"",2013,NA,NA,NA,"",670,59,2.20000004768372,"coal, metallurgy",521,58,2.40000009536743,"coal, metallurgy",NA,NA,NA,"",NA,NA,NA,"",NA,"",NA,"",NA,"",NA,"",NA,"",NA,"",NA,NA,NA,"",NA,NA,NA,"",NA,NA,NA,"",NA,NA,NA,NA,NA,NA,NA,NA,NA,NA,NA,NA,NA,NA,"",NA,NA,NA,NA,4129
"187",NA,"Maxim Nogotkov","Russia",NA,NA,"",2013,NA,NA,NA,"",1107,36,1.29999995231628,"retail, banking",1153,35,1,"retail, banking",NA,NA,NA,"",NA,NA,NA,"",NA,"",NA,"",NA,"",NA,"",NA,"",NA,"",NA,NA,NA,"",NA,NA,NA,"",NA,NA,NA,"",NA,NA,NA,NA,NA,NA,NA,NA,NA,NA,NA,NA,NA,NA,"",NA,NA,NA,NA,2700
"188",NA,"Vladimir O Potanin","Russia",NA,NA,"",2003,NA,NA,NA,"",NA,NA,NA,"",NA,NA,NA,"",NA,NA,NA,"",NA,NA,NA,"",NA,"",NA,"",NA,"",NA,"",NA,"",NA,"",NA,NA,NA,"",NA,NA,NA,"",NA,NA,NA,"",222,42,1.79999995231628,NA,NA,NA,NA,NA,NA,NA,NA,NA,NA,NA,"",NA,NA,NA,NA,4162
"189",NA,"Mikhail Abyzov","Russia",NA,NA,"",2014,1565,41,1,"power, power engineering",1161,40,1.25,"power, power engineering",960,39,1.29999995231628,"power, power engineering",993,38,1.20000004768372,"power",NA,NA,NA,"",NA,"",NA,"",NA,"",NA,"",NA,"",NA,"",NA,NA,NA,"",NA,NA,NA,"",NA,NA,NA,"",NA,NA,NA,NA,NA,NA,NA,NA,NA,NA,NA,NA,NA,NA,"",NA,NA,NA,NA,2807
"190",NA,"Rem Vyakhirev","Russia",NA,NA,"",2004,NA,NA,NA,"",NA,NA,NA,"",NA,NA,NA,"",NA,NA,NA,"",NA,NA,NA,"",NA,"",NA,"",NA,"",NA,"",NA,"",NA,"",NA,NA,NA,"",NA,NA,NA,"",472,69,1.20000004768372,"Russia , Moscow",NA,NA,NA,NA,NA,NA,NA,NA,NA,NA,NA,NA,NA,NA,"",NA,NA,NA,NA,3320
